index;origin;destination;slotsC;max_cdC;osnr_limitC;TranpCId;slotsL;max_cdL;osnr_limitL;TranspLId;Gbits/s;pchC;pchL;pchS;
1;2;17;6;20000;24;7;6;20000;24;7;400;0.00075;0.00075;0.00075;
1;2;14;6;40000;21;6;6;40000;21;6;300;0.00075;0.00075;0.00075;
1;14;4;3;10000;22;3;3;10000;22;3;200;0.00075;0.00075;0.00075;