Index;Origin;Destination;length;slices;cost;lineAmps;pnliC;paseC;pnliL;paseL;pnliS;paseS
1;1;2;250;100;77;4;8.990140731537477e-08;3.411026011317441e-07;5.967716892643728e-08;5.065015228498637e-07;1.472180709452042e-07;7.586676641246783e-07
2;1;3;500;100;63;7;1.637116779598336e-07;9.186119038084532e-07;1.0780755904826011e-07;1.415627046892556e-06;2.659513036880176e-07;2.1204091527599264e-06
3;2;3;250;100;25;4;8.990140731537477e-08;3.411026011317441e-07;5.967716892643728e-08;5.065015228498637e-07;1.472180709452042e-07;7.586676641246783e-07
4;2;4;600;100;17;8;1.893028206961506e-07;1.2447878094945345e-06;1.2433539209253483e-07;1.9475518614721404e-06;3.0672394323266274e-07;2.917157313153251e-06
5;3;4;250;100;12;4;8.990140731537477e-08;3.411026011317441e-07;5.967716892643728e-08;5.065015228498637e-07;1.472180709452042e-07;7.586676641246783e-07
6;3;5;500;100;19;7;1.637116779598336e-07;9.186119038084532e-07;1.0780755904826011e-07;1.415627046892556e-06;2.659513036880176e-07;2.1204091527599264e-06
7;4;5;250;100;61;4;8.990140731537477e-08;3.411026011317441e-07;5.967716892643728e-08;5.065015228498637e-07;1.472180709452042e-07;7.586676641246783e-07
8;4;6;500;100;36;7;1.637116779598336e-07;9.186119038084532e-07;1.0780755904826011e-07;1.415627046892556e-06;2.659513036880176e-07;2.1204091527599264e-06
9;5;6;500;100;65;7;1.637116779598336e-07;9.186119038084532e-07;1.0780755904826011e-07;1.415627046892556e-06;2.659513036880176e-07;2.1204091527599264e-06
