Index;Origin;Destination;length;slices;cost;lineAmps;noiseC;noiseL;noiseS;dispC;dispL;dispS
1;1;2;250;24;24;4;9.340364193503112e-07;1.1180875502475842e-06;1.7325671675563966e-06;20;22;22
2;1;3;500;24;24;7;1.5853559926714791e-06;2.0753434644120993e-06;3.213041888934458e-06;20;22;22
3;2;3;250;24;24;4;9.340364193503112e-07;1.1180875502475842e-06;1.7325671675563966e-06;20;22;22
4;2;4;600;24;24;8;1.9371230410938776e-06;2.6237961120359583e-06;4.050562688872428e-06;20;22;22
5;3;4;250;24;24;4;9.340364193503112e-07;1.1180875502475842e-06;1.7325671675563966e-06;20;22;22
6;3;5;500;24;24;7;1.5853559926714791e-06;2.0753434644120993e-06;3.213041888934458e-06;20;22;22
7;4;5;250;24;24;4;9.340364193503112e-07;1.1180875502475842e-06;1.7325671675563966e-06;20;22;22
8;4;6;500;24;24;7;1.5853559926714791e-06;2.0753434644120993e-06;3.213041888934458e-06;20;22;22
9;5;6;500;24;24;7;1.5853559926714791e-06;2.0753434644120993e-06;3.213041888934458e-06;20;22;22
