index;origin;destination;slices;max_length;osnr_limit;pchC;pchL;pchS
1;1;6;5;100;27;0.000625;0.000625;0.000625
2;2;10;6;100;25;0.00075;0.00075;0.00075
3;3;8;4;100;24;0.0005;0.0005;0.0005
4;6;9;8;100;26;0.001;0.001;0.001
5;9;4;7;100;27;0.000875;0.000875;0.000875
6;2;11;2;100;20;0.00025;0.00025;0.00025
7;8;12;8;100;26;0.001;0.001;0.001
8;4;5;6;100;25;0.00075;0.00075;0.00075
9;10;11;8;100;29;0.001;0.001;0.001
10;1;12;3;100;21;0.000375;0.000375;0.000375
