index;origin;destination;slots;max_length;osnr_limit;pchC;pchL;pchS
1;1;2;6;2000;21;0.00075;0.00075;0.00075
2;2;3;6;2000;21;0.00075;0.00075;0.00075
3;1;3;6;2000;21;0.00075;0.00075;0.00075
