index;origin;destination;slotsC;max_cdC;osnr_limitC;TranpCId;slotsL;max_cdL;osnr_limitL;TranspLId;Gbits/s;pchC;pchL;pchS;
1;2;17;6;20000;24;7;6;20000;24;7;400;0.00075;0.00075;0.00075;
1;2;17;4;20000;16;3;4;20000;16;3;200;0.00075;0.00075;0.00075;
1;2;17;3;40000;24;1;3;40000;24;1;100;0.00075;0.00075;0.00075;