index;origin;destination;slots;max_length;osnr_limit;pchC;pchL;pchS
1;1;2;6;1000;24;0.00075;0.00075;0.00075
2;1;3;6;1000;24;0.00075;0.00075;0.00075
3;1;4;6;1000;24;0.00075;0.00075;0.00075
4;1;5;6;1000;24;0.00075;0.00075;0.00075
5;2;3;6;1000;24;0.00075;0.00075;0.00075
6;2;4;6;1000;24;0.00075;0.00075;0.00075
7;2;5;6;1000;24;0.00075;0.00075;0.00075
8;3;4;6;1000;24;0.00075;0.00075;0.00075
9;3;5;6;1000;24;0.00075;0.00075;0.00075
10;4;5;6;1000;24;0.00075;0.00075;0.00075
