Index;Origin;Destination;length;slices;cost;lineAmps;pnli;pase
1;1;2;250;80;77;4;0;3.411026011317441e-07
2;1;3;500;80;63;7;0;9.186119038084532e-07
3;2;3;250;80;25;4;0;3.411026011317441e-07
4;2;4;600;80;17;8;0;1.2447878094945345e-06
5;3;4;250;80;12;4;0;3.411026011317441e-07
6;3;5;500;80;19;7;0;9.186119038084532e-07
7;4;5;250;80;61;4;0;3.411026011317441e-07
8;4;6;500;80;36;7;0;9.186119038084532e-07
9;5;6;500;80;65;7;0;9.186119038084532e-07
