LinkS;TranspS;Instance;Demands;OF;Formulation;CD;OSNR;GNpy;Bands;Reinforcements;Cuts;Prepro;Genetic;It;Pop;Cross;Mut;cK;eK;LBactive;CplexStrategy
0.5x;random;Nsfnet_14_21;80-b-b;LLB;0;1;1;0;2;0;0;2;0;50;500;100;200;10;15;0;0
0.5x;random;Nsfnet_14_21;80-b-b;LLB;0;1;1;0;2;0;0;2;1;50;500;100;200;10;15;0;0
0.5x;random;Nsfnet_14_21;80-b-b;LLB;0;1;1;0;2;0;0;2;0;50;500;100;200;10;15;1;0
0.5x;random;Nsfnet_14_21;80-b-b;LLB;0;1;1;0;2;0;0;2;1;50;500;100;200;10;15;1;0
0.5x;random;Nsfnet_14_21;80-b-b;LLB;22;1;1;0;2;0;0;2;0;50;500;100;200;10;15;0;0
0.5x;random;Nsfnet_14_21;80-b-b;LLB;22;1;1;0;2;0;0;2;1;50;500;100;200;10;15;0;0
0.5x;random;Nsfnet_14_21;80-b-b;LLB;22;1;1;0;2;0;0;2;0;50;500;100;200;10;15;1;0
0.5x;random;Nsfnet_14_21;80-b-b;LLB;22;1;1;0;2;0;0;2;1;50;500;100;200;10;15;1;0
0.5x;random;Nsfnet_14_21;80-b-b;DCB;0;1;1;0;2;0;0;2;0;50;500;100;200;10;15;0;0
0.5x;random;Nsfnet_14_21;80-b-b;DCB;0;1;1;0;2;0;0;2;1;50;500;100;200;10;15;0;0
0.5x;random;Nsfnet_14_21;80-b-b;DCB;0;1;1;0;2;0;0;2;0;50;500;100;200;10;15;1;0
0.5x;random;Nsfnet_14_21;80-b-b;DCB;0;1;1;0;2;0;0;2;1;50;500;100;200;10;15;1;0
0.5x;random;Nsfnet_14_21;80-b-b;DCB;22;1;1;0;2;0;0;2;0;50;500;100;200;10;15;0;0
0.5x;random;Nsfnet_14_21;80-b-b;DCB;22;1;1;0;2;0;0;2;1;50;500;100;200;10;15;0;0
0.5x;random;Nsfnet_14_21;80-b-b;DCB;22;1;1;0;2;0;0;2;0;50;500;100;200;10;15;1;0
0.5x;random;Nsfnet_14_21;80-b-b;DCB;22;1;1;0;2;0;0;2;1;50;500;100;200;10;15;1;0
0.5x;random;Nsfnet_14_21;90-b-b;LLB;0;1;1;0;2;0;0;2;0;50;500;100;200;10;15;0;0
0.5x;random;Nsfnet_14_21;90-b-b;LLB;0;1;1;0;2;0;0;2;1;50;500;100;200;10;15;0;0
0.5x;random;Nsfnet_14_21;90-b-b;LLB;0;1;1;0;2;0;0;2;0;50;500;100;200;10;15;1;0
0.5x;random;Nsfnet_14_21;90-b-b;LLB;0;1;1;0;2;0;0;2;1;50;500;100;200;10;15;1;0
0.5x;random;Nsfnet_14_21;90-b-b;LLB;22;1;1;0;2;0;0;2;0;50;500;100;200;10;15;0;0
0.5x;random;Nsfnet_14_21;90-b-b;LLB;22;1;1;0;2;0;0;2;1;50;500;100;200;10;15;0;0
0.5x;random;Nsfnet_14_21;90-b-b;LLB;22;1;1;0;2;0;0;2;0;50;500;100;200;10;15;1;0
0.5x;random;Nsfnet_14_21;90-b-b;LLB;22;1;1;0;2;0;0;2;1;50;500;100;200;10;15;1;0
0.5x;random;Nsfnet_14_21;90-b-b;DCB;0;1;1;0;2;0;0;2;0;50;500;100;200;10;15;0;0
0.5x;random;Nsfnet_14_21;90-b-b;DCB;0;1;1;0;2;0;0;2;1;50;500;100;200;10;15;0;0
0.5x;random;Nsfnet_14_21;90-b-b;DCB;0;1;1;0;2;0;0;2;0;50;500;100;200;10;15;1;0
0.5x;random;Nsfnet_14_21;90-b-b;DCB;0;1;1;0;2;0;0;2;1;50;500;100;200;10;15;1;0
0.5x;random;Nsfnet_14_21;90-b-b;DCB;22;1;1;0;2;0;0;2;0;50;500;100;200;10;15;0;0
0.5x;random;Nsfnet_14_21;90-b-b;DCB;22;1;1;0;2;0;0;2;1;50;500;100;200;10;15;0;0
0.5x;random;Nsfnet_14_21;90-b-b;DCB;22;1;1;0;2;0;0;2;0;50;500;100;200;10;15;1;0
0.5x;random;Nsfnet_14_21;90-b-b;DCB;22;1;1;0;2;0;0;2;1;50;500;100;200;10;15;1;0
0.5x;random;Nsfnet_14_21;60;LLB;0;1;1;0;2;0;0;2;0;50;500;100;200;10;15;0;0
0.5x;random;Nsfnet_14_21;60;LLB;0;1;1;0;2;0;0;2;1;50;500;100;200;10;15;0;0
0.5x;random;Nsfnet_14_21;60;LLB;0;1;1;0;2;0;0;2;0;50;500;100;200;10;15;1;0
0.5x;random;Nsfnet_14_21;60;LLB;0;1;1;0;2;0;0;2;1;50;500;100;200;10;15;1;0
0.5x;random;Nsfnet_14_21;60;LLB;22;1;1;0;2;0;0;2;0;50;500;100;200;10;15;0;0
0.5x;random;Nsfnet_14_21;60;LLB;22;1;1;0;2;0;0;2;1;50;500;100;200;10;15;0;0
0.5x;random;Nsfnet_14_21;60;LLB;22;1;1;0;2;0;0;2;0;50;500;100;200;10;15;1;0
0.5x;random;Nsfnet_14_21;60;LLB;22;1;1;0;2;0;0;2;1;50;500;100;200;10;15;1;0
0.5x;random;Nsfnet_14_21;60;DCB;0;1;1;0;2;0;0;2;0;50;500;100;200;10;15;0;0
0.5x;random;Nsfnet_14_21;60;DCB;0;1;1;0;2;0;0;2;1;50;500;100;200;10;15;0;0
0.5x;random;Nsfnet_14_21;60;DCB;0;1;1;0;2;0;0;2;0;50;500;100;200;10;15;1;0
0.5x;random;Nsfnet_14_21;60;DCB;0;1;1;0;2;0;0;2;1;50;500;100;200;10;15;1;0
0.5x;random;Nsfnet_14_21;60;DCB;22;1;1;0;2;0;0;2;0;50;500;100;200;10;15;0;0
0.5x;random;Nsfnet_14_21;60;DCB;22;1;1;0;2;0;0;2;1;50;500;100;200;10;15;0;0
0.5x;random;Nsfnet_14_21;60;DCB;22;1;1;0;2;0;0;2;0;50;500;100;200;10;15;1;0
0.5x;random;Nsfnet_14_21;60;DCB;22;1;1;0;2;0;0;2;1;50;500;100;200;10;15;1;0
0.5x;random;Nsfnet_14_21;20-b-b;LLB;0;1;1;0;2;0;0;2;0;50;500;100;200;10;15;0;0
0.5x;random;Nsfnet_14_21;20-b-b;LLB;0;1;1;0;2;0;0;2;1;50;500;100;200;10;15;0;0
0.5x;random;Nsfnet_14_21;20-b-b;LLB;0;1;1;0;2;0;0;2;0;50;500;100;200;10;15;1;0
0.5x;random;Nsfnet_14_21;20-b-b;LLB;0;1;1;0;2;0;0;2;1;50;500;100;200;10;15;1;0
0.5x;random;Nsfnet_14_21;20-b-b;LLB;22;1;1;0;2;0;0;2;0;50;500;100;200;10;15;0;0
0.5x;random;Nsfnet_14_21;20-b-b;LLB;22;1;1;0;2;0;0;2;1;50;500;100;200;10;15;0;0
0.5x;random;Nsfnet_14_21;20-b-b;LLB;22;1;1;0;2;0;0;2;0;50;500;100;200;10;15;1;0
0.5x;random;Nsfnet_14_21;20-b-b;LLB;22;1;1;0;2;0;0;2;1;50;500;100;200;10;15;1;0
0.5x;random;Nsfnet_14_21;20-b-b;DCB;0;1;1;0;2;0;0;2;0;50;500;100;200;10;15;0;0
0.5x;random;Nsfnet_14_21;20-b-b;DCB;0;1;1;0;2;0;0;2;1;50;500;100;200;10;15;0;0
0.5x;random;Nsfnet_14_21;20-b-b;DCB;0;1;1;0;2;0;0;2;0;50;500;100;200;10;15;1;0
0.5x;random;Nsfnet_14_21;20-b-b;DCB;0;1;1;0;2;0;0;2;1;50;500;100;200;10;15;1;0
0.5x;random;Nsfnet_14_21;20-b-b;DCB;22;1;1;0;2;0;0;2;0;50;500;100;200;10;15;0;0
0.5x;random;Nsfnet_14_21;20-b-b;DCB;22;1;1;0;2;0;0;2;1;50;500;100;200;10;15;0;0
0.5x;random;Nsfnet_14_21;20-b-b;DCB;22;1;1;0;2;0;0;2;0;50;500;100;200;10;15;1;0
0.5x;random;Nsfnet_14_21;20-b-b;DCB;22;1;1;0;2;0;0;2;1;50;500;100;200;10;15;1;0
0.5x;random;Nsfnet_14_21;50-b-b;LLB;0;1;1;0;2;0;0;2;0;50;500;100;200;10;15;0;0
0.5x;random;Nsfnet_14_21;50-b-b;LLB;0;1;1;0;2;0;0;2;1;50;500;100;200;10;15;0;0
0.5x;random;Nsfnet_14_21;50-b-b;LLB;0;1;1;0;2;0;0;2;0;50;500;100;200;10;15;1;0
0.5x;random;Nsfnet_14_21;50-b-b;LLB;0;1;1;0;2;0;0;2;1;50;500;100;200;10;15;1;0
0.5x;random;Nsfnet_14_21;50-b-b;LLB;22;1;1;0;2;0;0;2;0;50;500;100;200;10;15;0;0
0.5x;random;Nsfnet_14_21;50-b-b;LLB;22;1;1;0;2;0;0;2;1;50;500;100;200;10;15;0;0
0.5x;random;Nsfnet_14_21;50-b-b;LLB;22;1;1;0;2;0;0;2;0;50;500;100;200;10;15;1;0
0.5x;random;Nsfnet_14_21;50-b-b;LLB;22;1;1;0;2;0;0;2;1;50;500;100;200;10;15;1;0
0.5x;random;Nsfnet_14_21;50-b-b;DCB;0;1;1;0;2;0;0;2;0;50;500;100;200;10;15;0;0
0.5x;random;Nsfnet_14_21;50-b-b;DCB;0;1;1;0;2;0;0;2;1;50;500;100;200;10;15;0;0
0.5x;random;Nsfnet_14_21;50-b-b;DCB;0;1;1;0;2;0;0;2;0;50;500;100;200;10;15;1;0
0.5x;random;Nsfnet_14_21;50-b-b;DCB;0;1;1;0;2;0;0;2;1;50;500;100;200;10;15;1;0
0.5x;random;Nsfnet_14_21;50-b-b;DCB;22;1;1;0;2;0;0;2;0;50;500;100;200;10;15;0;0
0.5x;random;Nsfnet_14_21;50-b-b;DCB;22;1;1;0;2;0;0;2;1;50;500;100;200;10;15;0;0
0.5x;random;Nsfnet_14_21;50-b-b;DCB;22;1;1;0;2;0;0;2;0;50;500;100;200;10;15;1;0
0.5x;random;Nsfnet_14_21;50-b-b;DCB;22;1;1;0;2;0;0;2;1;50;500;100;200;10;15;1;0
0.5x;random;Nsfnet_14_21;100-b;LLB;0;1;1;0;2;0;0;2;0;50;500;100;200;10;15;0;0
0.5x;random;Nsfnet_14_21;100-b;LLB;0;1;1;0;2;0;0;2;1;50;500;100;200;10;15;0;0
0.5x;random;Nsfnet_14_21;100-b;LLB;0;1;1;0;2;0;0;2;0;50;500;100;200;10;15;1;0
0.5x;random;Nsfnet_14_21;100-b;LLB;0;1;1;0;2;0;0;2;1;50;500;100;200;10;15;1;0
0.5x;random;Nsfnet_14_21;100-b;LLB;22;1;1;0;2;0;0;2;0;50;500;100;200;10;15;0;0
0.5x;random;Nsfnet_14_21;100-b;LLB;22;1;1;0;2;0;0;2;1;50;500;100;200;10;15;0;0
0.5x;random;Nsfnet_14_21;100-b;LLB;22;1;1;0;2;0;0;2;0;50;500;100;200;10;15;1;0
0.5x;random;Nsfnet_14_21;100-b;LLB;22;1;1;0;2;0;0;2;1;50;500;100;200;10;15;1;0
0.5x;random;Nsfnet_14_21;100-b;DCB;0;1;1;0;2;0;0;2;0;50;500;100;200;10;15;0;0
0.5x;random;Nsfnet_14_21;100-b;DCB;0;1;1;0;2;0;0;2;1;50;500;100;200;10;15;0;0
0.5x;random;Nsfnet_14_21;100-b;DCB;0;1;1;0;2;0;0;2;0;50;500;100;200;10;15;1;0
0.5x;random;Nsfnet_14_21;100-b;DCB;0;1;1;0;2;0;0;2;1;50;500;100;200;10;15;1;0
0.5x;random;Nsfnet_14_21;100-b;DCB;22;1;1;0;2;0;0;2;0;50;500;100;200;10;15;0;0
0.5x;random;Nsfnet_14_21;100-b;DCB;22;1;1;0;2;0;0;2;1;50;500;100;200;10;15;0;0
0.5x;random;Nsfnet_14_21;100-b;DCB;22;1;1;0;2;0;0;2;0;50;500;100;200;10;15;1;0
0.5x;random;Nsfnet_14_21;100-b;DCB;22;1;1;0;2;0;0;2;1;50;500;100;200;10;15;1;0
0.5x;random;Nsfnet_14_21;90-b;LLB;0;1;1;0;2;0;0;2;0;50;500;100;200;10;15;0;0
0.5x;random;Nsfnet_14_21;90-b;LLB;0;1;1;0;2;0;0;2;1;50;500;100;200;10;15;0;0
0.5x;random;Nsfnet_14_21;90-b;LLB;0;1;1;0;2;0;0;2;0;50;500;100;200;10;15;1;0
0.5x;random;Nsfnet_14_21;90-b;LLB;0;1;1;0;2;0;0;2;1;50;500;100;200;10;15;1;0
0.5x;random;Nsfnet_14_21;90-b;LLB;22;1;1;0;2;0;0;2;0;50;500;100;200;10;15;0;0
0.5x;random;Nsfnet_14_21;90-b;LLB;22;1;1;0;2;0;0;2;1;50;500;100;200;10;15;0;0
0.5x;random;Nsfnet_14_21;90-b;LLB;22;1;1;0;2;0;0;2;0;50;500;100;200;10;15;1;0
0.5x;random;Nsfnet_14_21;90-b;LLB;22;1;1;0;2;0;0;2;1;50;500;100;200;10;15;1;0
0.5x;random;Nsfnet_14_21;90-b;DCB;0;1;1;0;2;0;0;2;0;50;500;100;200;10;15;0;0
0.5x;random;Nsfnet_14_21;90-b;DCB;0;1;1;0;2;0;0;2;1;50;500;100;200;10;15;0;0
0.5x;random;Nsfnet_14_21;90-b;DCB;0;1;1;0;2;0;0;2;0;50;500;100;200;10;15;1;0
0.5x;random;Nsfnet_14_21;90-b;DCB;0;1;1;0;2;0;0;2;1;50;500;100;200;10;15;1;0
0.5x;random;Nsfnet_14_21;90-b;DCB;22;1;1;0;2;0;0;2;0;50;500;100;200;10;15;0;0
0.5x;random;Nsfnet_14_21;90-b;DCB;22;1;1;0;2;0;0;2;1;50;500;100;200;10;15;0;0
0.5x;random;Nsfnet_14_21;90-b;DCB;22;1;1;0;2;0;0;2;0;50;500;100;200;10;15;1;0
0.5x;random;Nsfnet_14_21;90-b;DCB;22;1;1;0;2;0;0;2;1;50;500;100;200;10;15;1;0
0.5x;random;Nsfnet_14_21;40;LLB;0;1;1;0;2;0;0;2;0;50;500;100;200;10;15;0;0
0.5x;random;Nsfnet_14_21;40;LLB;0;1;1;0;2;0;0;2;1;50;500;100;200;10;15;0;0
0.5x;random;Nsfnet_14_21;40;LLB;0;1;1;0;2;0;0;2;0;50;500;100;200;10;15;1;0
0.5x;random;Nsfnet_14_21;40;LLB;0;1;1;0;2;0;0;2;1;50;500;100;200;10;15;1;0
0.5x;random;Nsfnet_14_21;40;LLB;22;1;1;0;2;0;0;2;0;50;500;100;200;10;15;0;0
0.5x;random;Nsfnet_14_21;40;LLB;22;1;1;0;2;0;0;2;1;50;500;100;200;10;15;0;0
0.5x;random;Nsfnet_14_21;40;LLB;22;1;1;0;2;0;0;2;0;50;500;100;200;10;15;1;0
0.5x;random;Nsfnet_14_21;40;LLB;22;1;1;0;2;0;0;2;1;50;500;100;200;10;15;1;0
0.5x;random;Nsfnet_14_21;40;DCB;0;1;1;0;2;0;0;2;0;50;500;100;200;10;15;0;0
0.5x;random;Nsfnet_14_21;40;DCB;0;1;1;0;2;0;0;2;1;50;500;100;200;10;15;0;0
0.5x;random;Nsfnet_14_21;40;DCB;0;1;1;0;2;0;0;2;0;50;500;100;200;10;15;1;0
0.5x;random;Nsfnet_14_21;40;DCB;0;1;1;0;2;0;0;2;1;50;500;100;200;10;15;1;0
0.5x;random;Nsfnet_14_21;40;DCB;22;1;1;0;2;0;0;2;0;50;500;100;200;10;15;0;0
0.5x;random;Nsfnet_14_21;40;DCB;22;1;1;0;2;0;0;2;1;50;500;100;200;10;15;0;0
0.5x;random;Nsfnet_14_21;40;DCB;22;1;1;0;2;0;0;2;0;50;500;100;200;10;15;1;0
0.5x;random;Nsfnet_14_21;40;DCB;22;1;1;0;2;0;0;2;1;50;500;100;200;10;15;1;0
0.5x;random;Nsfnet_14_21;80;LLB;0;1;1;0;2;0;0;2;0;50;500;100;200;10;15;0;0
0.5x;random;Nsfnet_14_21;80;LLB;0;1;1;0;2;0;0;2;1;50;500;100;200;10;15;0;0
0.5x;random;Nsfnet_14_21;80;LLB;0;1;1;0;2;0;0;2;0;50;500;100;200;10;15;1;0
0.5x;random;Nsfnet_14_21;80;LLB;0;1;1;0;2;0;0;2;1;50;500;100;200;10;15;1;0
0.5x;random;Nsfnet_14_21;80;LLB;22;1;1;0;2;0;0;2;0;50;500;100;200;10;15;0;0
0.5x;random;Nsfnet_14_21;80;LLB;22;1;1;0;2;0;0;2;1;50;500;100;200;10;15;0;0
0.5x;random;Nsfnet_14_21;80;LLB;22;1;1;0;2;0;0;2;0;50;500;100;200;10;15;1;0
0.5x;random;Nsfnet_14_21;80;LLB;22;1;1;0;2;0;0;2;1;50;500;100;200;10;15;1;0
0.5x;random;Nsfnet_14_21;80;DCB;0;1;1;0;2;0;0;2;0;50;500;100;200;10;15;0;0
0.5x;random;Nsfnet_14_21;80;DCB;0;1;1;0;2;0;0;2;1;50;500;100;200;10;15;0;0
0.5x;random;Nsfnet_14_21;80;DCB;0;1;1;0;2;0;0;2;0;50;500;100;200;10;15;1;0
0.5x;random;Nsfnet_14_21;80;DCB;0;1;1;0;2;0;0;2;1;50;500;100;200;10;15;1;0
0.5x;random;Nsfnet_14_21;80;DCB;22;1;1;0;2;0;0;2;0;50;500;100;200;10;15;0;0
0.5x;random;Nsfnet_14_21;80;DCB;22;1;1;0;2;0;0;2;1;50;500;100;200;10;15;0;0
0.5x;random;Nsfnet_14_21;80;DCB;22;1;1;0;2;0;0;2;0;50;500;100;200;10;15;1;0
0.5x;random;Nsfnet_14_21;80;DCB;22;1;1;0;2;0;0;2;1;50;500;100;200;10;15;1;0
0.5x;random;Nsfnet_14_21;70;LLB;0;1;1;0;2;0;0;2;0;50;500;100;200;10;15;0;0
0.5x;random;Nsfnet_14_21;70;LLB;0;1;1;0;2;0;0;2;1;50;500;100;200;10;15;0;0
0.5x;random;Nsfnet_14_21;70;LLB;0;1;1;0;2;0;0;2;0;50;500;100;200;10;15;1;0
0.5x;random;Nsfnet_14_21;70;LLB;0;1;1;0;2;0;0;2;1;50;500;100;200;10;15;1;0
0.5x;random;Nsfnet_14_21;70;LLB;22;1;1;0;2;0;0;2;0;50;500;100;200;10;15;0;0
0.5x;random;Nsfnet_14_21;70;LLB;22;1;1;0;2;0;0;2;1;50;500;100;200;10;15;0;0
0.5x;random;Nsfnet_14_21;70;LLB;22;1;1;0;2;0;0;2;0;50;500;100;200;10;15;1;0
0.5x;random;Nsfnet_14_21;70;LLB;22;1;1;0;2;0;0;2;1;50;500;100;200;10;15;1;0
0.5x;random;Nsfnet_14_21;70;DCB;0;1;1;0;2;0;0;2;0;50;500;100;200;10;15;0;0
0.5x;random;Nsfnet_14_21;70;DCB;0;1;1;0;2;0;0;2;1;50;500;100;200;10;15;0;0
0.5x;random;Nsfnet_14_21;70;DCB;0;1;1;0;2;0;0;2;0;50;500;100;200;10;15;1;0
0.5x;random;Nsfnet_14_21;70;DCB;0;1;1;0;2;0;0;2;1;50;500;100;200;10;15;1;0
0.5x;random;Nsfnet_14_21;70;DCB;22;1;1;0;2;0;0;2;0;50;500;100;200;10;15;0;0
0.5x;random;Nsfnet_14_21;70;DCB;22;1;1;0;2;0;0;2;1;50;500;100;200;10;15;0;0
0.5x;random;Nsfnet_14_21;70;DCB;22;1;1;0;2;0;0;2;0;50;500;100;200;10;15;1;0
0.5x;random;Nsfnet_14_21;70;DCB;22;1;1;0;2;0;0;2;1;50;500;100;200;10;15;1;0
0.5x;random;Nsfnet_14_21;40-b;LLB;0;1;1;0;2;0;0;2;0;50;500;100;200;10;15;0;0
0.5x;random;Nsfnet_14_21;40-b;LLB;0;1;1;0;2;0;0;2;1;50;500;100;200;10;15;0;0
0.5x;random;Nsfnet_14_21;40-b;LLB;0;1;1;0;2;0;0;2;0;50;500;100;200;10;15;1;0
0.5x;random;Nsfnet_14_21;40-b;LLB;0;1;1;0;2;0;0;2;1;50;500;100;200;10;15;1;0
0.5x;random;Nsfnet_14_21;40-b;LLB;22;1;1;0;2;0;0;2;0;50;500;100;200;10;15;0;0
0.5x;random;Nsfnet_14_21;40-b;LLB;22;1;1;0;2;0;0;2;1;50;500;100;200;10;15;0;0
0.5x;random;Nsfnet_14_21;40-b;LLB;22;1;1;0;2;0;0;2;0;50;500;100;200;10;15;1;0
0.5x;random;Nsfnet_14_21;40-b;LLB;22;1;1;0;2;0;0;2;1;50;500;100;200;10;15;1;0
0.5x;random;Nsfnet_14_21;40-b;DCB;0;1;1;0;2;0;0;2;0;50;500;100;200;10;15;0;0
0.5x;random;Nsfnet_14_21;40-b;DCB;0;1;1;0;2;0;0;2;1;50;500;100;200;10;15;0;0
0.5x;random;Nsfnet_14_21;40-b;DCB;0;1;1;0;2;0;0;2;0;50;500;100;200;10;15;1;0
0.5x;random;Nsfnet_14_21;40-b;DCB;0;1;1;0;2;0;0;2;1;50;500;100;200;10;15;1;0
0.5x;random;Nsfnet_14_21;40-b;DCB;22;1;1;0;2;0;0;2;0;50;500;100;200;10;15;0;0
0.5x;random;Nsfnet_14_21;40-b;DCB;22;1;1;0;2;0;0;2;1;50;500;100;200;10;15;0;0
0.5x;random;Nsfnet_14_21;40-b;DCB;22;1;1;0;2;0;0;2;0;50;500;100;200;10;15;1;0
0.5x;random;Nsfnet_14_21;40-b;DCB;22;1;1;0;2;0;0;2;1;50;500;100;200;10;15;1;0
0.5x;random;Nsfnet_14_21;20;LLB;0;1;1;0;2;0;0;2;0;50;500;100;200;10;15;0;0
0.5x;random;Nsfnet_14_21;20;LLB;0;1;1;0;2;0;0;2;1;50;500;100;200;10;15;0;0
0.5x;random;Nsfnet_14_21;20;LLB;0;1;1;0;2;0;0;2;0;50;500;100;200;10;15;1;0
0.5x;random;Nsfnet_14_21;20;LLB;0;1;1;0;2;0;0;2;1;50;500;100;200;10;15;1;0
0.5x;random;Nsfnet_14_21;20;LLB;22;1;1;0;2;0;0;2;0;50;500;100;200;10;15;0;0
0.5x;random;Nsfnet_14_21;20;LLB;22;1;1;0;2;0;0;2;1;50;500;100;200;10;15;0;0
0.5x;random;Nsfnet_14_21;20;LLB;22;1;1;0;2;0;0;2;0;50;500;100;200;10;15;1;0
0.5x;random;Nsfnet_14_21;20;LLB;22;1;1;0;2;0;0;2;1;50;500;100;200;10;15;1;0
0.5x;random;Nsfnet_14_21;20;DCB;0;1;1;0;2;0;0;2;0;50;500;100;200;10;15;0;0
0.5x;random;Nsfnet_14_21;20;DCB;0;1;1;0;2;0;0;2;1;50;500;100;200;10;15;0;0
0.5x;random;Nsfnet_14_21;20;DCB;0;1;1;0;2;0;0;2;0;50;500;100;200;10;15;1;0
0.5x;random;Nsfnet_14_21;20;DCB;0;1;1;0;2;0;0;2;1;50;500;100;200;10;15;1;0
0.5x;random;Nsfnet_14_21;20;DCB;22;1;1;0;2;0;0;2;0;50;500;100;200;10;15;0;0
0.5x;random;Nsfnet_14_21;20;DCB;22;1;1;0;2;0;0;2;1;50;500;100;200;10;15;0;0
0.5x;random;Nsfnet_14_21;20;DCB;22;1;1;0;2;0;0;2;0;50;500;100;200;10;15;1;0
0.5x;random;Nsfnet_14_21;20;DCB;22;1;1;0;2;0;0;2;1;50;500;100;200;10;15;1;0
0.5x;random;Nsfnet_14_21;90;LLB;0;1;1;0;2;0;0;2;0;50;500;100;200;10;15;0;0
0.5x;random;Nsfnet_14_21;90;LLB;0;1;1;0;2;0;0;2;1;50;500;100;200;10;15;0;0
0.5x;random;Nsfnet_14_21;90;LLB;0;1;1;0;2;0;0;2;0;50;500;100;200;10;15;1;0
0.5x;random;Nsfnet_14_21;90;LLB;0;1;1;0;2;0;0;2;1;50;500;100;200;10;15;1;0
0.5x;random;Nsfnet_14_21;90;LLB;22;1;1;0;2;0;0;2;0;50;500;100;200;10;15;0;0
0.5x;random;Nsfnet_14_21;90;LLB;22;1;1;0;2;0;0;2;1;50;500;100;200;10;15;0;0
0.5x;random;Nsfnet_14_21;90;LLB;22;1;1;0;2;0;0;2;0;50;500;100;200;10;15;1;0
0.5x;random;Nsfnet_14_21;90;LLB;22;1;1;0;2;0;0;2;1;50;500;100;200;10;15;1;0
0.5x;random;Nsfnet_14_21;90;DCB;0;1;1;0;2;0;0;2;0;50;500;100;200;10;15;0;0
0.5x;random;Nsfnet_14_21;90;DCB;0;1;1;0;2;0;0;2;1;50;500;100;200;10;15;0;0
0.5x;random;Nsfnet_14_21;90;DCB;0;1;1;0;2;0;0;2;0;50;500;100;200;10;15;1;0
0.5x;random;Nsfnet_14_21;90;DCB;0;1;1;0;2;0;0;2;1;50;500;100;200;10;15;1;0
0.5x;random;Nsfnet_14_21;90;DCB;22;1;1;0;2;0;0;2;0;50;500;100;200;10;15;0;0
0.5x;random;Nsfnet_14_21;90;DCB;22;1;1;0;2;0;0;2;1;50;500;100;200;10;15;0;0
0.5x;random;Nsfnet_14_21;90;DCB;22;1;1;0;2;0;0;2;0;50;500;100;200;10;15;1;0
0.5x;random;Nsfnet_14_21;90;DCB;22;1;1;0;2;0;0;2;1;50;500;100;200;10;15;1;0
0.5x;random;Nsfnet_14_21;30-b;LLB;0;1;1;0;2;0;0;2;0;50;500;100;200;10;15;0;0
0.5x;random;Nsfnet_14_21;30-b;LLB;0;1;1;0;2;0;0;2;1;50;500;100;200;10;15;0;0
0.5x;random;Nsfnet_14_21;30-b;LLB;0;1;1;0;2;0;0;2;0;50;500;100;200;10;15;1;0
0.5x;random;Nsfnet_14_21;30-b;LLB;0;1;1;0;2;0;0;2;1;50;500;100;200;10;15;1;0
0.5x;random;Nsfnet_14_21;30-b;LLB;22;1;1;0;2;0;0;2;0;50;500;100;200;10;15;0;0
0.5x;random;Nsfnet_14_21;30-b;LLB;22;1;1;0;2;0;0;2;1;50;500;100;200;10;15;0;0
0.5x;random;Nsfnet_14_21;30-b;LLB;22;1;1;0;2;0;0;2;0;50;500;100;200;10;15;1;0
0.5x;random;Nsfnet_14_21;30-b;LLB;22;1;1;0;2;0;0;2;1;50;500;100;200;10;15;1;0
0.5x;random;Nsfnet_14_21;30-b;DCB;0;1;1;0;2;0;0;2;0;50;500;100;200;10;15;0;0
0.5x;random;Nsfnet_14_21;30-b;DCB;0;1;1;0;2;0;0;2;1;50;500;100;200;10;15;0;0
0.5x;random;Nsfnet_14_21;30-b;DCB;0;1;1;0;2;0;0;2;0;50;500;100;200;10;15;1;0
0.5x;random;Nsfnet_14_21;30-b;DCB;0;1;1;0;2;0;0;2;1;50;500;100;200;10;15;1;0
0.5x;random;Nsfnet_14_21;30-b;DCB;22;1;1;0;2;0;0;2;0;50;500;100;200;10;15;0;0
0.5x;random;Nsfnet_14_21;30-b;DCB;22;1;1;0;2;0;0;2;1;50;500;100;200;10;15;0;0
0.5x;random;Nsfnet_14_21;30-b;DCB;22;1;1;0;2;0;0;2;0;50;500;100;200;10;15;1;0
0.5x;random;Nsfnet_14_21;30-b;DCB;22;1;1;0;2;0;0;2;1;50;500;100;200;10;15;1;0
0.5x;random;Nsfnet_14_21;50-b;LLB;0;1;1;0;2;0;0;2;0;50;500;100;200;10;15;0;0
0.5x;random;Nsfnet_14_21;50-b;LLB;0;1;1;0;2;0;0;2;1;50;500;100;200;10;15;0;0
0.5x;random;Nsfnet_14_21;50-b;LLB;0;1;1;0;2;0;0;2;0;50;500;100;200;10;15;1;0
0.5x;random;Nsfnet_14_21;50-b;LLB;0;1;1;0;2;0;0;2;1;50;500;100;200;10;15;1;0
0.5x;random;Nsfnet_14_21;50-b;LLB;22;1;1;0;2;0;0;2;0;50;500;100;200;10;15;0;0
0.5x;random;Nsfnet_14_21;50-b;LLB;22;1;1;0;2;0;0;2;1;50;500;100;200;10;15;0;0
0.5x;random;Nsfnet_14_21;50-b;LLB;22;1;1;0;2;0;0;2;0;50;500;100;200;10;15;1;0
0.5x;random;Nsfnet_14_21;50-b;LLB;22;1;1;0;2;0;0;2;1;50;500;100;200;10;15;1;0
0.5x;random;Nsfnet_14_21;50-b;DCB;0;1;1;0;2;0;0;2;0;50;500;100;200;10;15;0;0
0.5x;random;Nsfnet_14_21;50-b;DCB;0;1;1;0;2;0;0;2;1;50;500;100;200;10;15;0;0
0.5x;random;Nsfnet_14_21;50-b;DCB;0;1;1;0;2;0;0;2;0;50;500;100;200;10;15;1;0
0.5x;random;Nsfnet_14_21;50-b;DCB;0;1;1;0;2;0;0;2;1;50;500;100;200;10;15;1;0
0.5x;random;Nsfnet_14_21;50-b;DCB;22;1;1;0;2;0;0;2;0;50;500;100;200;10;15;0;0
0.5x;random;Nsfnet_14_21;50-b;DCB;22;1;1;0;2;0;0;2;1;50;500;100;200;10;15;0;0
0.5x;random;Nsfnet_14_21;50-b;DCB;22;1;1;0;2;0;0;2;0;50;500;100;200;10;15;1;0
0.5x;random;Nsfnet_14_21;50-b;DCB;22;1;1;0;2;0;0;2;1;50;500;100;200;10;15;1;0
0.5x;random;Nsfnet_14_21;70-b-b;LLB;0;1;1;0;2;0;0;2;0;50;500;100;200;10;15;0;0
0.5x;random;Nsfnet_14_21;70-b-b;LLB;0;1;1;0;2;0;0;2;1;50;500;100;200;10;15;0;0
0.5x;random;Nsfnet_14_21;70-b-b;LLB;0;1;1;0;2;0;0;2;0;50;500;100;200;10;15;1;0
0.5x;random;Nsfnet_14_21;70-b-b;LLB;0;1;1;0;2;0;0;2;1;50;500;100;200;10;15;1;0
0.5x;random;Nsfnet_14_21;70-b-b;LLB;22;1;1;0;2;0;0;2;0;50;500;100;200;10;15;0;0
0.5x;random;Nsfnet_14_21;70-b-b;LLB;22;1;1;0;2;0;0;2;1;50;500;100;200;10;15;0;0
0.5x;random;Nsfnet_14_21;70-b-b;LLB;22;1;1;0;2;0;0;2;0;50;500;100;200;10;15;1;0
0.5x;random;Nsfnet_14_21;70-b-b;LLB;22;1;1;0;2;0;0;2;1;50;500;100;200;10;15;1;0
0.5x;random;Nsfnet_14_21;70-b-b;DCB;0;1;1;0;2;0;0;2;0;50;500;100;200;10;15;0;0
0.5x;random;Nsfnet_14_21;70-b-b;DCB;0;1;1;0;2;0;0;2;1;50;500;100;200;10;15;0;0
0.5x;random;Nsfnet_14_21;70-b-b;DCB;0;1;1;0;2;0;0;2;0;50;500;100;200;10;15;1;0
0.5x;random;Nsfnet_14_21;70-b-b;DCB;0;1;1;0;2;0;0;2;1;50;500;100;200;10;15;1;0
0.5x;random;Nsfnet_14_21;70-b-b;DCB;22;1;1;0;2;0;0;2;0;50;500;100;200;10;15;0;0
0.5x;random;Nsfnet_14_21;70-b-b;DCB;22;1;1;0;2;0;0;2;1;50;500;100;200;10;15;0;0
0.5x;random;Nsfnet_14_21;70-b-b;DCB;22;1;1;0;2;0;0;2;0;50;500;100;200;10;15;1;0
0.5x;random;Nsfnet_14_21;70-b-b;DCB;22;1;1;0;2;0;0;2;1;50;500;100;200;10;15;1;0
0.5x;random;Nsfnet_14_21;20-b;LLB;0;1;1;0;2;0;0;2;0;50;500;100;200;10;15;0;0
0.5x;random;Nsfnet_14_21;20-b;LLB;0;1;1;0;2;0;0;2;1;50;500;100;200;10;15;0;0
0.5x;random;Nsfnet_14_21;20-b;LLB;0;1;1;0;2;0;0;2;0;50;500;100;200;10;15;1;0
0.5x;random;Nsfnet_14_21;20-b;LLB;0;1;1;0;2;0;0;2;1;50;500;100;200;10;15;1;0
0.5x;random;Nsfnet_14_21;20-b;LLB;22;1;1;0;2;0;0;2;0;50;500;100;200;10;15;0;0
0.5x;random;Nsfnet_14_21;20-b;LLB;22;1;1;0;2;0;0;2;1;50;500;100;200;10;15;0;0
0.5x;random;Nsfnet_14_21;20-b;LLB;22;1;1;0;2;0;0;2;0;50;500;100;200;10;15;1;0
0.5x;random;Nsfnet_14_21;20-b;LLB;22;1;1;0;2;0;0;2;1;50;500;100;200;10;15;1;0
0.5x;random;Nsfnet_14_21;20-b;DCB;0;1;1;0;2;0;0;2;0;50;500;100;200;10;15;0;0
0.5x;random;Nsfnet_14_21;20-b;DCB;0;1;1;0;2;0;0;2;1;50;500;100;200;10;15;0;0
0.5x;random;Nsfnet_14_21;20-b;DCB;0;1;1;0;2;0;0;2;0;50;500;100;200;10;15;1;0
0.5x;random;Nsfnet_14_21;20-b;DCB;0;1;1;0;2;0;0;2;1;50;500;100;200;10;15;1;0
0.5x;random;Nsfnet_14_21;20-b;DCB;22;1;1;0;2;0;0;2;0;50;500;100;200;10;15;0;0
0.5x;random;Nsfnet_14_21;20-b;DCB;22;1;1;0;2;0;0;2;1;50;500;100;200;10;15;0;0
0.5x;random;Nsfnet_14_21;20-b;DCB;22;1;1;0;2;0;0;2;0;50;500;100;200;10;15;1;0
0.5x;random;Nsfnet_14_21;20-b;DCB;22;1;1;0;2;0;0;2;1;50;500;100;200;10;15;1;0
0.5x;random;Nsfnet_14_21;60-b;LLB;0;1;1;0;2;0;0;2;0;50;500;100;200;10;15;0;0
0.5x;random;Nsfnet_14_21;60-b;LLB;0;1;1;0;2;0;0;2;1;50;500;100;200;10;15;0;0
0.5x;random;Nsfnet_14_21;60-b;LLB;0;1;1;0;2;0;0;2;0;50;500;100;200;10;15;1;0
0.5x;random;Nsfnet_14_21;60-b;LLB;0;1;1;0;2;0;0;2;1;50;500;100;200;10;15;1;0
0.5x;random;Nsfnet_14_21;60-b;LLB;22;1;1;0;2;0;0;2;0;50;500;100;200;10;15;0;0
0.5x;random;Nsfnet_14_21;60-b;LLB;22;1;1;0;2;0;0;2;1;50;500;100;200;10;15;0;0
0.5x;random;Nsfnet_14_21;60-b;LLB;22;1;1;0;2;0;0;2;0;50;500;100;200;10;15;1;0
0.5x;random;Nsfnet_14_21;60-b;LLB;22;1;1;0;2;0;0;2;1;50;500;100;200;10;15;1;0
0.5x;random;Nsfnet_14_21;60-b;DCB;0;1;1;0;2;0;0;2;0;50;500;100;200;10;15;0;0
0.5x;random;Nsfnet_14_21;60-b;DCB;0;1;1;0;2;0;0;2;1;50;500;100;200;10;15;0;0
0.5x;random;Nsfnet_14_21;60-b;DCB;0;1;1;0;2;0;0;2;0;50;500;100;200;10;15;1;0
0.5x;random;Nsfnet_14_21;60-b;DCB;0;1;1;0;2;0;0;2;1;50;500;100;200;10;15;1;0
0.5x;random;Nsfnet_14_21;60-b;DCB;22;1;1;0;2;0;0;2;0;50;500;100;200;10;15;0;0
0.5x;random;Nsfnet_14_21;60-b;DCB;22;1;1;0;2;0;0;2;1;50;500;100;200;10;15;0;0
0.5x;random;Nsfnet_14_21;60-b;DCB;22;1;1;0;2;0;0;2;0;50;500;100;200;10;15;1;0
0.5x;random;Nsfnet_14_21;60-b;DCB;22;1;1;0;2;0;0;2;1;50;500;100;200;10;15;1;0
0.5x;random;Nsfnet_14_21;30;LLB;0;1;1;0;2;0;0;2;0;50;500;100;200;10;15;0;0
0.5x;random;Nsfnet_14_21;30;LLB;0;1;1;0;2;0;0;2;1;50;500;100;200;10;15;0;0
0.5x;random;Nsfnet_14_21;30;LLB;0;1;1;0;2;0;0;2;0;50;500;100;200;10;15;1;0
0.5x;random;Nsfnet_14_21;30;LLB;0;1;1;0;2;0;0;2;1;50;500;100;200;10;15;1;0
0.5x;random;Nsfnet_14_21;30;LLB;22;1;1;0;2;0;0;2;0;50;500;100;200;10;15;0;0
0.5x;random;Nsfnet_14_21;30;LLB;22;1;1;0;2;0;0;2;1;50;500;100;200;10;15;0;0
0.5x;random;Nsfnet_14_21;30;LLB;22;1;1;0;2;0;0;2;0;50;500;100;200;10;15;1;0
0.5x;random;Nsfnet_14_21;30;LLB;22;1;1;0;2;0;0;2;1;50;500;100;200;10;15;1;0
0.5x;random;Nsfnet_14_21;30;DCB;0;1;1;0;2;0;0;2;0;50;500;100;200;10;15;0;0
0.5x;random;Nsfnet_14_21;30;DCB;0;1;1;0;2;0;0;2;1;50;500;100;200;10;15;0;0
0.5x;random;Nsfnet_14_21;30;DCB;0;1;1;0;2;0;0;2;0;50;500;100;200;10;15;1;0
0.5x;random;Nsfnet_14_21;30;DCB;0;1;1;0;2;0;0;2;1;50;500;100;200;10;15;1;0
0.5x;random;Nsfnet_14_21;30;DCB;22;1;1;0;2;0;0;2;0;50;500;100;200;10;15;0;0
0.5x;random;Nsfnet_14_21;30;DCB;22;1;1;0;2;0;0;2;1;50;500;100;200;10;15;0;0
0.5x;random;Nsfnet_14_21;30;DCB;22;1;1;0;2;0;0;2;0;50;500;100;200;10;15;1;0
0.5x;random;Nsfnet_14_21;30;DCB;22;1;1;0;2;0;0;2;1;50;500;100;200;10;15;1;0
0.5x;random;Nsfnet_14_21;50;LLB;0;1;1;0;2;0;0;2;0;50;500;100;200;10;15;0;0
0.5x;random;Nsfnet_14_21;50;LLB;0;1;1;0;2;0;0;2;1;50;500;100;200;10;15;0;0
0.5x;random;Nsfnet_14_21;50;LLB;0;1;1;0;2;0;0;2;0;50;500;100;200;10;15;1;0
0.5x;random;Nsfnet_14_21;50;LLB;0;1;1;0;2;0;0;2;1;50;500;100;200;10;15;1;0
0.5x;random;Nsfnet_14_21;50;LLB;22;1;1;0;2;0;0;2;0;50;500;100;200;10;15;0;0
0.5x;random;Nsfnet_14_21;50;LLB;22;1;1;0;2;0;0;2;1;50;500;100;200;10;15;0;0
0.5x;random;Nsfnet_14_21;50;LLB;22;1;1;0;2;0;0;2;0;50;500;100;200;10;15;1;0
0.5x;random;Nsfnet_14_21;50;LLB;22;1;1;0;2;0;0;2;1;50;500;100;200;10;15;1;0
0.5x;random;Nsfnet_14_21;50;DCB;0;1;1;0;2;0;0;2;0;50;500;100;200;10;15;0;0
0.5x;random;Nsfnet_14_21;50;DCB;0;1;1;0;2;0;0;2;1;50;500;100;200;10;15;0;0
0.5x;random;Nsfnet_14_21;50;DCB;0;1;1;0;2;0;0;2;0;50;500;100;200;10;15;1;0
0.5x;random;Nsfnet_14_21;50;DCB;0;1;1;0;2;0;0;2;1;50;500;100;200;10;15;1;0
0.5x;random;Nsfnet_14_21;50;DCB;22;1;1;0;2;0;0;2;0;50;500;100;200;10;15;0;0
0.5x;random;Nsfnet_14_21;50;DCB;22;1;1;0;2;0;0;2;1;50;500;100;200;10;15;0;0
0.5x;random;Nsfnet_14_21;50;DCB;22;1;1;0;2;0;0;2;0;50;500;100;200;10;15;1;0
0.5x;random;Nsfnet_14_21;50;DCB;22;1;1;0;2;0;0;2;1;50;500;100;200;10;15;1;0
0.5x;random;Nsfnet_14_21;60-b-b;LLB;0;1;1;0;2;0;0;2;0;50;500;100;200;10;15;0;0
0.5x;random;Nsfnet_14_21;60-b-b;LLB;0;1;1;0;2;0;0;2;1;50;500;100;200;10;15;0;0
0.5x;random;Nsfnet_14_21;60-b-b;LLB;0;1;1;0;2;0;0;2;0;50;500;100;200;10;15;1;0
0.5x;random;Nsfnet_14_21;60-b-b;LLB;0;1;1;0;2;0;0;2;1;50;500;100;200;10;15;1;0
0.5x;random;Nsfnet_14_21;60-b-b;LLB;22;1;1;0;2;0;0;2;0;50;500;100;200;10;15;0;0
0.5x;random;Nsfnet_14_21;60-b-b;LLB;22;1;1;0;2;0;0;2;1;50;500;100;200;10;15;0;0
0.5x;random;Nsfnet_14_21;60-b-b;LLB;22;1;1;0;2;0;0;2;0;50;500;100;200;10;15;1;0
0.5x;random;Nsfnet_14_21;60-b-b;LLB;22;1;1;0;2;0;0;2;1;50;500;100;200;10;15;1;0
0.5x;random;Nsfnet_14_21;60-b-b;DCB;0;1;1;0;2;0;0;2;0;50;500;100;200;10;15;0;0
0.5x;random;Nsfnet_14_21;60-b-b;DCB;0;1;1;0;2;0;0;2;1;50;500;100;200;10;15;0;0
0.5x;random;Nsfnet_14_21;60-b-b;DCB;0;1;1;0;2;0;0;2;0;50;500;100;200;10;15;1;0
0.5x;random;Nsfnet_14_21;60-b-b;DCB;0;1;1;0;2;0;0;2;1;50;500;100;200;10;15;1;0
0.5x;random;Nsfnet_14_21;60-b-b;DCB;22;1;1;0;2;0;0;2;0;50;500;100;200;10;15;0;0
0.5x;random;Nsfnet_14_21;60-b-b;DCB;22;1;1;0;2;0;0;2;1;50;500;100;200;10;15;0;0
0.5x;random;Nsfnet_14_21;60-b-b;DCB;22;1;1;0;2;0;0;2;0;50;500;100;200;10;15;1;0
0.5x;random;Nsfnet_14_21;60-b-b;DCB;22;1;1;0;2;0;0;2;1;50;500;100;200;10;15;1;0
0.5x;random;Nsfnet_14_21;100-b-b;LLB;0;1;1;0;2;0;0;2;0;50;500;100;200;10;15;0;0
0.5x;random;Nsfnet_14_21;100-b-b;LLB;0;1;1;0;2;0;0;2;1;50;500;100;200;10;15;0;0
0.5x;random;Nsfnet_14_21;100-b-b;LLB;0;1;1;0;2;0;0;2;0;50;500;100;200;10;15;1;0
0.5x;random;Nsfnet_14_21;100-b-b;LLB;0;1;1;0;2;0;0;2;1;50;500;100;200;10;15;1;0
0.5x;random;Nsfnet_14_21;100-b-b;LLB;22;1;1;0;2;0;0;2;0;50;500;100;200;10;15;0;0
0.5x;random;Nsfnet_14_21;100-b-b;LLB;22;1;1;0;2;0;0;2;1;50;500;100;200;10;15;0;0
0.5x;random;Nsfnet_14_21;100-b-b;LLB;22;1;1;0;2;0;0;2;0;50;500;100;200;10;15;1;0
0.5x;random;Nsfnet_14_21;100-b-b;LLB;22;1;1;0;2;0;0;2;1;50;500;100;200;10;15;1;0
0.5x;random;Nsfnet_14_21;100-b-b;DCB;0;1;1;0;2;0;0;2;0;50;500;100;200;10;15;0;0
0.5x;random;Nsfnet_14_21;100-b-b;DCB;0;1;1;0;2;0;0;2;1;50;500;100;200;10;15;0;0
0.5x;random;Nsfnet_14_21;100-b-b;DCB;0;1;1;0;2;0;0;2;0;50;500;100;200;10;15;1;0
0.5x;random;Nsfnet_14_21;100-b-b;DCB;0;1;1;0;2;0;0;2;1;50;500;100;200;10;15;1;0
0.5x;random;Nsfnet_14_21;100-b-b;DCB;22;1;1;0;2;0;0;2;0;50;500;100;200;10;15;0;0
0.5x;random;Nsfnet_14_21;100-b-b;DCB;22;1;1;0;2;0;0;2;1;50;500;100;200;10;15;0;0
0.5x;random;Nsfnet_14_21;100-b-b;DCB;22;1;1;0;2;0;0;2;0;50;500;100;200;10;15;1;0
0.5x;random;Nsfnet_14_21;100-b-b;DCB;22;1;1;0;2;0;0;2;1;50;500;100;200;10;15;1;0
0.5x;random;Nsfnet_14_21;30-b-b;LLB;0;1;1;0;2;0;0;2;0;50;500;100;200;10;15;0;0
0.5x;random;Nsfnet_14_21;30-b-b;LLB;0;1;1;0;2;0;0;2;1;50;500;100;200;10;15;0;0
0.5x;random;Nsfnet_14_21;30-b-b;LLB;0;1;1;0;2;0;0;2;0;50;500;100;200;10;15;1;0
0.5x;random;Nsfnet_14_21;30-b-b;LLB;0;1;1;0;2;0;0;2;1;50;500;100;200;10;15;1;0
0.5x;random;Nsfnet_14_21;30-b-b;LLB;22;1;1;0;2;0;0;2;0;50;500;100;200;10;15;0;0
0.5x;random;Nsfnet_14_21;30-b-b;LLB;22;1;1;0;2;0;0;2;1;50;500;100;200;10;15;0;0
0.5x;random;Nsfnet_14_21;30-b-b;LLB;22;1;1;0;2;0;0;2;0;50;500;100;200;10;15;1;0
0.5x;random;Nsfnet_14_21;30-b-b;LLB;22;1;1;0;2;0;0;2;1;50;500;100;200;10;15;1;0
0.5x;random;Nsfnet_14_21;30-b-b;DCB;0;1;1;0;2;0;0;2;0;50;500;100;200;10;15;0;0
0.5x;random;Nsfnet_14_21;30-b-b;DCB;0;1;1;0;2;0;0;2;1;50;500;100;200;10;15;0;0
0.5x;random;Nsfnet_14_21;30-b-b;DCB;0;1;1;0;2;0;0;2;0;50;500;100;200;10;15;1;0
0.5x;random;Nsfnet_14_21;30-b-b;DCB;0;1;1;0;2;0;0;2;1;50;500;100;200;10;15;1;0
0.5x;random;Nsfnet_14_21;30-b-b;DCB;22;1;1;0;2;0;0;2;0;50;500;100;200;10;15;0;0
0.5x;random;Nsfnet_14_21;30-b-b;DCB;22;1;1;0;2;0;0;2;1;50;500;100;200;10;15;0;0
0.5x;random;Nsfnet_14_21;30-b-b;DCB;22;1;1;0;2;0;0;2;0;50;500;100;200;10;15;1;0
0.5x;random;Nsfnet_14_21;30-b-b;DCB;22;1;1;0;2;0;0;2;1;50;500;100;200;10;15;1;0
0.5x;random;Nsfnet_14_21;100;LLB;0;1;1;0;2;0;0;2;0;50;500;100;200;10;15;0;0
0.5x;random;Nsfnet_14_21;100;LLB;0;1;1;0;2;0;0;2;1;50;500;100;200;10;15;0;0
0.5x;random;Nsfnet_14_21;100;LLB;0;1;1;0;2;0;0;2;0;50;500;100;200;10;15;1;0
0.5x;random;Nsfnet_14_21;100;LLB;0;1;1;0;2;0;0;2;1;50;500;100;200;10;15;1;0
0.5x;random;Nsfnet_14_21;100;LLB;22;1;1;0;2;0;0;2;0;50;500;100;200;10;15;0;0
0.5x;random;Nsfnet_14_21;100;LLB;22;1;1;0;2;0;0;2;1;50;500;100;200;10;15;0;0
0.5x;random;Nsfnet_14_21;100;LLB;22;1;1;0;2;0;0;2;0;50;500;100;200;10;15;1;0
0.5x;random;Nsfnet_14_21;100;LLB;22;1;1;0;2;0;0;2;1;50;500;100;200;10;15;1;0
0.5x;random;Nsfnet_14_21;100;DCB;0;1;1;0;2;0;0;2;0;50;500;100;200;10;15;0;0
0.5x;random;Nsfnet_14_21;100;DCB;0;1;1;0;2;0;0;2;1;50;500;100;200;10;15;0;0
0.5x;random;Nsfnet_14_21;100;DCB;0;1;1;0;2;0;0;2;0;50;500;100;200;10;15;1;0
0.5x;random;Nsfnet_14_21;100;DCB;0;1;1;0;2;0;0;2;1;50;500;100;200;10;15;1;0
0.5x;random;Nsfnet_14_21;100;DCB;22;1;1;0;2;0;0;2;0;50;500;100;200;10;15;0;0
0.5x;random;Nsfnet_14_21;100;DCB;22;1;1;0;2;0;0;2;1;50;500;100;200;10;15;0;0
0.5x;random;Nsfnet_14_21;100;DCB;22;1;1;0;2;0;0;2;0;50;500;100;200;10;15;1;0
0.5x;random;Nsfnet_14_21;100;DCB;22;1;1;0;2;0;0;2;1;50;500;100;200;10;15;1;0
0.5x;random;Nsfnet_14_21;70-b;LLB;0;1;1;0;2;0;0;2;0;50;500;100;200;10;15;0;0
0.5x;random;Nsfnet_14_21;70-b;LLB;0;1;1;0;2;0;0;2;1;50;500;100;200;10;15;0;0
0.5x;random;Nsfnet_14_21;70-b;LLB;0;1;1;0;2;0;0;2;0;50;500;100;200;10;15;1;0
0.5x;random;Nsfnet_14_21;70-b;LLB;0;1;1;0;2;0;0;2;1;50;500;100;200;10;15;1;0
0.5x;random;Nsfnet_14_21;70-b;LLB;22;1;1;0;2;0;0;2;0;50;500;100;200;10;15;0;0
0.5x;random;Nsfnet_14_21;70-b;LLB;22;1;1;0;2;0;0;2;1;50;500;100;200;10;15;0;0
0.5x;random;Nsfnet_14_21;70-b;LLB;22;1;1;0;2;0;0;2;0;50;500;100;200;10;15;1;0
0.5x;random;Nsfnet_14_21;70-b;LLB;22;1;1;0;2;0;0;2;1;50;500;100;200;10;15;1;0
0.5x;random;Nsfnet_14_21;70-b;DCB;0;1;1;0;2;0;0;2;0;50;500;100;200;10;15;0;0
0.5x;random;Nsfnet_14_21;70-b;DCB;0;1;1;0;2;0;0;2;1;50;500;100;200;10;15;0;0
0.5x;random;Nsfnet_14_21;70-b;DCB;0;1;1;0;2;0;0;2;0;50;500;100;200;10;15;1;0
0.5x;random;Nsfnet_14_21;70-b;DCB;0;1;1;0;2;0;0;2;1;50;500;100;200;10;15;1;0
0.5x;random;Nsfnet_14_21;70-b;DCB;22;1;1;0;2;0;0;2;0;50;500;100;200;10;15;0;0
0.5x;random;Nsfnet_14_21;70-b;DCB;22;1;1;0;2;0;0;2;1;50;500;100;200;10;15;0;0
0.5x;random;Nsfnet_14_21;70-b;DCB;22;1;1;0;2;0;0;2;0;50;500;100;200;10;15;1;0
0.5x;random;Nsfnet_14_21;70-b;DCB;22;1;1;0;2;0;0;2;1;50;500;100;200;10;15;1;0
0.5x;random;Nsfnet_14_21;40-b-b;LLB;0;1;1;0;2;0;0;2;0;50;500;100;200;10;15;0;0
0.5x;random;Nsfnet_14_21;40-b-b;LLB;0;1;1;0;2;0;0;2;1;50;500;100;200;10;15;0;0
0.5x;random;Nsfnet_14_21;40-b-b;LLB;0;1;1;0;2;0;0;2;0;50;500;100;200;10;15;1;0
0.5x;random;Nsfnet_14_21;40-b-b;LLB;0;1;1;0;2;0;0;2;1;50;500;100;200;10;15;1;0
0.5x;random;Nsfnet_14_21;40-b-b;LLB;22;1;1;0;2;0;0;2;0;50;500;100;200;10;15;0;0
0.5x;random;Nsfnet_14_21;40-b-b;LLB;22;1;1;0;2;0;0;2;1;50;500;100;200;10;15;0;0
0.5x;random;Nsfnet_14_21;40-b-b;LLB;22;1;1;0;2;0;0;2;0;50;500;100;200;10;15;1;0
0.5x;random;Nsfnet_14_21;40-b-b;LLB;22;1;1;0;2;0;0;2;1;50;500;100;200;10;15;1;0
0.5x;random;Nsfnet_14_21;40-b-b;DCB;0;1;1;0;2;0;0;2;0;50;500;100;200;10;15;0;0
0.5x;random;Nsfnet_14_21;40-b-b;DCB;0;1;1;0;2;0;0;2;1;50;500;100;200;10;15;0;0
0.5x;random;Nsfnet_14_21;40-b-b;DCB;0;1;1;0;2;0;0;2;0;50;500;100;200;10;15;1;0
0.5x;random;Nsfnet_14_21;40-b-b;DCB;0;1;1;0;2;0;0;2;1;50;500;100;200;10;15;1;0
0.5x;random;Nsfnet_14_21;40-b-b;DCB;22;1;1;0;2;0;0;2;0;50;500;100;200;10;15;0;0
0.5x;random;Nsfnet_14_21;40-b-b;DCB;22;1;1;0;2;0;0;2;1;50;500;100;200;10;15;0;0
0.5x;random;Nsfnet_14_21;40-b-b;DCB;22;1;1;0;2;0;0;2;0;50;500;100;200;10;15;1;0
0.5x;random;Nsfnet_14_21;40-b-b;DCB;22;1;1;0;2;0;0;2;1;50;500;100;200;10;15;1;0
0.5x;random;Nsfnet_14_21;80-b;LLB;0;1;1;0;2;0;0;2;0;50;500;100;200;10;15;0;0
0.5x;random;Nsfnet_14_21;80-b;LLB;0;1;1;0;2;0;0;2;1;50;500;100;200;10;15;0;0
0.5x;random;Nsfnet_14_21;80-b;LLB;0;1;1;0;2;0;0;2;0;50;500;100;200;10;15;1;0
0.5x;random;Nsfnet_14_21;80-b;LLB;0;1;1;0;2;0;0;2;1;50;500;100;200;10;15;1;0
0.5x;random;Nsfnet_14_21;80-b;LLB;22;1;1;0;2;0;0;2;0;50;500;100;200;10;15;0;0
0.5x;random;Nsfnet_14_21;80-b;LLB;22;1;1;0;2;0;0;2;1;50;500;100;200;10;15;0;0
0.5x;random;Nsfnet_14_21;80-b;LLB;22;1;1;0;2;0;0;2;0;50;500;100;200;10;15;1;0
0.5x;random;Nsfnet_14_21;80-b;LLB;22;1;1;0;2;0;0;2;1;50;500;100;200;10;15;1;0
0.5x;random;Nsfnet_14_21;80-b;DCB;0;1;1;0;2;0;0;2;0;50;500;100;200;10;15;0;0
0.5x;random;Nsfnet_14_21;80-b;DCB;0;1;1;0;2;0;0;2;1;50;500;100;200;10;15;0;0
0.5x;random;Nsfnet_14_21;80-b;DCB;0;1;1;0;2;0;0;2;0;50;500;100;200;10;15;1;0
0.5x;random;Nsfnet_14_21;80-b;DCB;0;1;1;0;2;0;0;2;1;50;500;100;200;10;15;1;0
0.5x;random;Nsfnet_14_21;80-b;DCB;22;1;1;0;2;0;0;2;0;50;500;100;200;10;15;0;0
0.5x;random;Nsfnet_14_21;80-b;DCB;22;1;1;0;2;0;0;2;1;50;500;100;200;10;15;0;0
0.5x;random;Nsfnet_14_21;80-b;DCB;22;1;1;0;2;0;0;2;0;50;500;100;200;10;15;1;0
0.5x;random;Nsfnet_14_21;80-b;DCB;22;1;1;0;2;0;0;2;1;50;500;100;200;10;15;1;0
0.5x;random;German_17_26;80-b-b;LLB;0;1;1;0;2;0;0;2;0;50;500;100;200;10;15;0;0
0.5x;random;German_17_26;80-b-b;LLB;0;1;1;0;2;0;0;2;1;50;500;100;200;10;15;0;0
0.5x;random;German_17_26;80-b-b;LLB;0;1;1;0;2;0;0;2;0;50;500;100;200;10;15;1;0
0.5x;random;German_17_26;80-b-b;LLB;0;1;1;0;2;0;0;2;1;50;500;100;200;10;15;1;0
0.5x;random;German_17_26;80-b-b;LLB;22;1;1;0;2;0;0;2;0;50;500;100;200;10;15;0;0
0.5x;random;German_17_26;80-b-b;LLB;22;1;1;0;2;0;0;2;1;50;500;100;200;10;15;0;0
0.5x;random;German_17_26;80-b-b;LLB;22;1;1;0;2;0;0;2;0;50;500;100;200;10;15;1;0
0.5x;random;German_17_26;80-b-b;LLB;22;1;1;0;2;0;0;2;1;50;500;100;200;10;15;1;0
0.5x;random;German_17_26;80-b-b;DCB;0;1;1;0;2;0;0;2;0;50;500;100;200;10;15;0;0
0.5x;random;German_17_26;80-b-b;DCB;0;1;1;0;2;0;0;2;1;50;500;100;200;10;15;0;0
0.5x;random;German_17_26;80-b-b;DCB;0;1;1;0;2;0;0;2;0;50;500;100;200;10;15;1;0
0.5x;random;German_17_26;80-b-b;DCB;0;1;1;0;2;0;0;2;1;50;500;100;200;10;15;1;0
0.5x;random;German_17_26;80-b-b;DCB;22;1;1;0;2;0;0;2;0;50;500;100;200;10;15;0;0
0.5x;random;German_17_26;80-b-b;DCB;22;1;1;0;2;0;0;2;1;50;500;100;200;10;15;0;0
0.5x;random;German_17_26;80-b-b;DCB;22;1;1;0;2;0;0;2;0;50;500;100;200;10;15;1;0
0.5x;random;German_17_26;80-b-b;DCB;22;1;1;0;2;0;0;2;1;50;500;100;200;10;15;1;0
0.5x;random;German_17_26;90-b-b;LLB;0;1;1;0;2;0;0;2;0;50;500;100;200;10;15;0;0
0.5x;random;German_17_26;90-b-b;LLB;0;1;1;0;2;0;0;2;1;50;500;100;200;10;15;0;0
0.5x;random;German_17_26;90-b-b;LLB;0;1;1;0;2;0;0;2;0;50;500;100;200;10;15;1;0
0.5x;random;German_17_26;90-b-b;LLB;0;1;1;0;2;0;0;2;1;50;500;100;200;10;15;1;0
0.5x;random;German_17_26;90-b-b;LLB;22;1;1;0;2;0;0;2;0;50;500;100;200;10;15;0;0
0.5x;random;German_17_26;90-b-b;LLB;22;1;1;0;2;0;0;2;1;50;500;100;200;10;15;0;0
0.5x;random;German_17_26;90-b-b;LLB;22;1;1;0;2;0;0;2;0;50;500;100;200;10;15;1;0
0.5x;random;German_17_26;90-b-b;LLB;22;1;1;0;2;0;0;2;1;50;500;100;200;10;15;1;0
0.5x;random;German_17_26;90-b-b;DCB;0;1;1;0;2;0;0;2;0;50;500;100;200;10;15;0;0
0.5x;random;German_17_26;90-b-b;DCB;0;1;1;0;2;0;0;2;1;50;500;100;200;10;15;0;0
0.5x;random;German_17_26;90-b-b;DCB;0;1;1;0;2;0;0;2;0;50;500;100;200;10;15;1;0
0.5x;random;German_17_26;90-b-b;DCB;0;1;1;0;2;0;0;2;1;50;500;100;200;10;15;1;0
0.5x;random;German_17_26;90-b-b;DCB;22;1;1;0;2;0;0;2;0;50;500;100;200;10;15;0;0
0.5x;random;German_17_26;90-b-b;DCB;22;1;1;0;2;0;0;2;1;50;500;100;200;10;15;0;0
0.5x;random;German_17_26;90-b-b;DCB;22;1;1;0;2;0;0;2;0;50;500;100;200;10;15;1;0
0.5x;random;German_17_26;90-b-b;DCB;22;1;1;0;2;0;0;2;1;50;500;100;200;10;15;1;0
0.5x;random;German_17_26;60;LLB;0;1;1;0;2;0;0;2;0;50;500;100;200;10;15;0;0
0.5x;random;German_17_26;60;LLB;0;1;1;0;2;0;0;2;1;50;500;100;200;10;15;0;0
0.5x;random;German_17_26;60;LLB;0;1;1;0;2;0;0;2;0;50;500;100;200;10;15;1;0
0.5x;random;German_17_26;60;LLB;0;1;1;0;2;0;0;2;1;50;500;100;200;10;15;1;0
0.5x;random;German_17_26;60;LLB;22;1;1;0;2;0;0;2;0;50;500;100;200;10;15;0;0
0.5x;random;German_17_26;60;LLB;22;1;1;0;2;0;0;2;1;50;500;100;200;10;15;0;0
0.5x;random;German_17_26;60;LLB;22;1;1;0;2;0;0;2;0;50;500;100;200;10;15;1;0
0.5x;random;German_17_26;60;LLB;22;1;1;0;2;0;0;2;1;50;500;100;200;10;15;1;0
0.5x;random;German_17_26;60;DCB;0;1;1;0;2;0;0;2;0;50;500;100;200;10;15;0;0
0.5x;random;German_17_26;60;DCB;0;1;1;0;2;0;0;2;1;50;500;100;200;10;15;0;0
0.5x;random;German_17_26;60;DCB;0;1;1;0;2;0;0;2;0;50;500;100;200;10;15;1;0
0.5x;random;German_17_26;60;DCB;0;1;1;0;2;0;0;2;1;50;500;100;200;10;15;1;0
0.5x;random;German_17_26;60;DCB;22;1;1;0;2;0;0;2;0;50;500;100;200;10;15;0;0
0.5x;random;German_17_26;60;DCB;22;1;1;0;2;0;0;2;1;50;500;100;200;10;15;0;0
0.5x;random;German_17_26;60;DCB;22;1;1;0;2;0;0;2;0;50;500;100;200;10;15;1;0
0.5x;random;German_17_26;60;DCB;22;1;1;0;2;0;0;2;1;50;500;100;200;10;15;1;0
0.5x;random;German_17_26;20-b-b;LLB;0;1;1;0;2;0;0;2;0;50;500;100;200;10;15;0;0
0.5x;random;German_17_26;20-b-b;LLB;0;1;1;0;2;0;0;2;1;50;500;100;200;10;15;0;0
0.5x;random;German_17_26;20-b-b;LLB;0;1;1;0;2;0;0;2;0;50;500;100;200;10;15;1;0
0.5x;random;German_17_26;20-b-b;LLB;0;1;1;0;2;0;0;2;1;50;500;100;200;10;15;1;0
0.5x;random;German_17_26;20-b-b;LLB;22;1;1;0;2;0;0;2;0;50;500;100;200;10;15;0;0
0.5x;random;German_17_26;20-b-b;LLB;22;1;1;0;2;0;0;2;1;50;500;100;200;10;15;0;0
0.5x;random;German_17_26;20-b-b;LLB;22;1;1;0;2;0;0;2;0;50;500;100;200;10;15;1;0
0.5x;random;German_17_26;20-b-b;LLB;22;1;1;0;2;0;0;2;1;50;500;100;200;10;15;1;0
0.5x;random;German_17_26;20-b-b;DCB;0;1;1;0;2;0;0;2;0;50;500;100;200;10;15;0;0
0.5x;random;German_17_26;20-b-b;DCB;0;1;1;0;2;0;0;2;1;50;500;100;200;10;15;0;0
0.5x;random;German_17_26;20-b-b;DCB;0;1;1;0;2;0;0;2;0;50;500;100;200;10;15;1;0
0.5x;random;German_17_26;20-b-b;DCB;0;1;1;0;2;0;0;2;1;50;500;100;200;10;15;1;0
0.5x;random;German_17_26;20-b-b;DCB;22;1;1;0;2;0;0;2;0;50;500;100;200;10;15;0;0
0.5x;random;German_17_26;20-b-b;DCB;22;1;1;0;2;0;0;2;1;50;500;100;200;10;15;0;0
0.5x;random;German_17_26;20-b-b;DCB;22;1;1;0;2;0;0;2;0;50;500;100;200;10;15;1;0
0.5x;random;German_17_26;20-b-b;DCB;22;1;1;0;2;0;0;2;1;50;500;100;200;10;15;1;0
0.5x;random;German_17_26;50-b-b;LLB;0;1;1;0;2;0;0;2;0;50;500;100;200;10;15;0;0
0.5x;random;German_17_26;50-b-b;LLB;0;1;1;0;2;0;0;2;1;50;500;100;200;10;15;0;0
0.5x;random;German_17_26;50-b-b;LLB;0;1;1;0;2;0;0;2;0;50;500;100;200;10;15;1;0
0.5x;random;German_17_26;50-b-b;LLB;0;1;1;0;2;0;0;2;1;50;500;100;200;10;15;1;0
0.5x;random;German_17_26;50-b-b;LLB;22;1;1;0;2;0;0;2;0;50;500;100;200;10;15;0;0
0.5x;random;German_17_26;50-b-b;LLB;22;1;1;0;2;0;0;2;1;50;500;100;200;10;15;0;0
0.5x;random;German_17_26;50-b-b;LLB;22;1;1;0;2;0;0;2;0;50;500;100;200;10;15;1;0
0.5x;random;German_17_26;50-b-b;LLB;22;1;1;0;2;0;0;2;1;50;500;100;200;10;15;1;0
0.5x;random;German_17_26;50-b-b;DCB;0;1;1;0;2;0;0;2;0;50;500;100;200;10;15;0;0
0.5x;random;German_17_26;50-b-b;DCB;0;1;1;0;2;0;0;2;1;50;500;100;200;10;15;0;0
0.5x;random;German_17_26;50-b-b;DCB;0;1;1;0;2;0;0;2;0;50;500;100;200;10;15;1;0
0.5x;random;German_17_26;50-b-b;DCB;0;1;1;0;2;0;0;2;1;50;500;100;200;10;15;1;0
0.5x;random;German_17_26;50-b-b;DCB;22;1;1;0;2;0;0;2;0;50;500;100;200;10;15;0;0
0.5x;random;German_17_26;50-b-b;DCB;22;1;1;0;2;0;0;2;1;50;500;100;200;10;15;0;0
0.5x;random;German_17_26;50-b-b;DCB;22;1;1;0;2;0;0;2;0;50;500;100;200;10;15;1;0
0.5x;random;German_17_26;50-b-b;DCB;22;1;1;0;2;0;0;2;1;50;500;100;200;10;15;1;0
0.5x;random;German_17_26;100-b;LLB;0;1;1;0;2;0;0;2;0;50;500;100;200;10;15;0;0
0.5x;random;German_17_26;100-b;LLB;0;1;1;0;2;0;0;2;1;50;500;100;200;10;15;0;0
0.5x;random;German_17_26;100-b;LLB;0;1;1;0;2;0;0;2;0;50;500;100;200;10;15;1;0
0.5x;random;German_17_26;100-b;LLB;0;1;1;0;2;0;0;2;1;50;500;100;200;10;15;1;0
0.5x;random;German_17_26;100-b;LLB;22;1;1;0;2;0;0;2;0;50;500;100;200;10;15;0;0
0.5x;random;German_17_26;100-b;LLB;22;1;1;0;2;0;0;2;1;50;500;100;200;10;15;0;0
0.5x;random;German_17_26;100-b;LLB;22;1;1;0;2;0;0;2;0;50;500;100;200;10;15;1;0
0.5x;random;German_17_26;100-b;LLB;22;1;1;0;2;0;0;2;1;50;500;100;200;10;15;1;0
0.5x;random;German_17_26;100-b;DCB;0;1;1;0;2;0;0;2;0;50;500;100;200;10;15;0;0
0.5x;random;German_17_26;100-b;DCB;0;1;1;0;2;0;0;2;1;50;500;100;200;10;15;0;0
0.5x;random;German_17_26;100-b;DCB;0;1;1;0;2;0;0;2;0;50;500;100;200;10;15;1;0
0.5x;random;German_17_26;100-b;DCB;0;1;1;0;2;0;0;2;1;50;500;100;200;10;15;1;0
0.5x;random;German_17_26;100-b;DCB;22;1;1;0;2;0;0;2;0;50;500;100;200;10;15;0;0
0.5x;random;German_17_26;100-b;DCB;22;1;1;0;2;0;0;2;1;50;500;100;200;10;15;0;0
0.5x;random;German_17_26;100-b;DCB;22;1;1;0;2;0;0;2;0;50;500;100;200;10;15;1;0
0.5x;random;German_17_26;100-b;DCB;22;1;1;0;2;0;0;2;1;50;500;100;200;10;15;1;0
0.5x;random;German_17_26;90-b;LLB;0;1;1;0;2;0;0;2;0;50;500;100;200;10;15;0;0
0.5x;random;German_17_26;90-b;LLB;0;1;1;0;2;0;0;2;1;50;500;100;200;10;15;0;0
0.5x;random;German_17_26;90-b;LLB;0;1;1;0;2;0;0;2;0;50;500;100;200;10;15;1;0
0.5x;random;German_17_26;90-b;LLB;0;1;1;0;2;0;0;2;1;50;500;100;200;10;15;1;0
0.5x;random;German_17_26;90-b;LLB;22;1;1;0;2;0;0;2;0;50;500;100;200;10;15;0;0
0.5x;random;German_17_26;90-b;LLB;22;1;1;0;2;0;0;2;1;50;500;100;200;10;15;0;0
0.5x;random;German_17_26;90-b;LLB;22;1;1;0;2;0;0;2;0;50;500;100;200;10;15;1;0
0.5x;random;German_17_26;90-b;LLB;22;1;1;0;2;0;0;2;1;50;500;100;200;10;15;1;0
0.5x;random;German_17_26;90-b;DCB;0;1;1;0;2;0;0;2;0;50;500;100;200;10;15;0;0
0.5x;random;German_17_26;90-b;DCB;0;1;1;0;2;0;0;2;1;50;500;100;200;10;15;0;0
0.5x;random;German_17_26;90-b;DCB;0;1;1;0;2;0;0;2;0;50;500;100;200;10;15;1;0
0.5x;random;German_17_26;90-b;DCB;0;1;1;0;2;0;0;2;1;50;500;100;200;10;15;1;0
0.5x;random;German_17_26;90-b;DCB;22;1;1;0;2;0;0;2;0;50;500;100;200;10;15;0;0
0.5x;random;German_17_26;90-b;DCB;22;1;1;0;2;0;0;2;1;50;500;100;200;10;15;0;0
0.5x;random;German_17_26;90-b;DCB;22;1;1;0;2;0;0;2;0;50;500;100;200;10;15;1;0
0.5x;random;German_17_26;90-b;DCB;22;1;1;0;2;0;0;2;1;50;500;100;200;10;15;1;0
0.5x;random;German_17_26;40;LLB;0;1;1;0;2;0;0;2;0;50;500;100;200;10;15;0;0
0.5x;random;German_17_26;40;LLB;0;1;1;0;2;0;0;2;1;50;500;100;200;10;15;0;0
0.5x;random;German_17_26;40;LLB;0;1;1;0;2;0;0;2;0;50;500;100;200;10;15;1;0
0.5x;random;German_17_26;40;LLB;0;1;1;0;2;0;0;2;1;50;500;100;200;10;15;1;0
0.5x;random;German_17_26;40;LLB;22;1;1;0;2;0;0;2;0;50;500;100;200;10;15;0;0
0.5x;random;German_17_26;40;LLB;22;1;1;0;2;0;0;2;1;50;500;100;200;10;15;0;0
0.5x;random;German_17_26;40;LLB;22;1;1;0;2;0;0;2;0;50;500;100;200;10;15;1;0
0.5x;random;German_17_26;40;LLB;22;1;1;0;2;0;0;2;1;50;500;100;200;10;15;1;0
0.5x;random;German_17_26;40;DCB;0;1;1;0;2;0;0;2;0;50;500;100;200;10;15;0;0
0.5x;random;German_17_26;40;DCB;0;1;1;0;2;0;0;2;1;50;500;100;200;10;15;0;0
0.5x;random;German_17_26;40;DCB;0;1;1;0;2;0;0;2;0;50;500;100;200;10;15;1;0
0.5x;random;German_17_26;40;DCB;0;1;1;0;2;0;0;2;1;50;500;100;200;10;15;1;0
0.5x;random;German_17_26;40;DCB;22;1;1;0;2;0;0;2;0;50;500;100;200;10;15;0;0
0.5x;random;German_17_26;40;DCB;22;1;1;0;2;0;0;2;1;50;500;100;200;10;15;0;0
0.5x;random;German_17_26;40;DCB;22;1;1;0;2;0;0;2;0;50;500;100;200;10;15;1;0
0.5x;random;German_17_26;40;DCB;22;1;1;0;2;0;0;2;1;50;500;100;200;10;15;1;0
0.5x;random;German_17_26;80;LLB;0;1;1;0;2;0;0;2;0;50;500;100;200;10;15;0;0
0.5x;random;German_17_26;80;LLB;0;1;1;0;2;0;0;2;1;50;500;100;200;10;15;0;0
0.5x;random;German_17_26;80;LLB;0;1;1;0;2;0;0;2;0;50;500;100;200;10;15;1;0
0.5x;random;German_17_26;80;LLB;0;1;1;0;2;0;0;2;1;50;500;100;200;10;15;1;0
0.5x;random;German_17_26;80;LLB;22;1;1;0;2;0;0;2;0;50;500;100;200;10;15;0;0
0.5x;random;German_17_26;80;LLB;22;1;1;0;2;0;0;2;1;50;500;100;200;10;15;0;0
0.5x;random;German_17_26;80;LLB;22;1;1;0;2;0;0;2;0;50;500;100;200;10;15;1;0
0.5x;random;German_17_26;80;LLB;22;1;1;0;2;0;0;2;1;50;500;100;200;10;15;1;0
0.5x;random;German_17_26;80;DCB;0;1;1;0;2;0;0;2;0;50;500;100;200;10;15;0;0
0.5x;random;German_17_26;80;DCB;0;1;1;0;2;0;0;2;1;50;500;100;200;10;15;0;0
0.5x;random;German_17_26;80;DCB;0;1;1;0;2;0;0;2;0;50;500;100;200;10;15;1;0
0.5x;random;German_17_26;80;DCB;0;1;1;0;2;0;0;2;1;50;500;100;200;10;15;1;0
0.5x;random;German_17_26;80;DCB;22;1;1;0;2;0;0;2;0;50;500;100;200;10;15;0;0
0.5x;random;German_17_26;80;DCB;22;1;1;0;2;0;0;2;1;50;500;100;200;10;15;0;0
0.5x;random;German_17_26;80;DCB;22;1;1;0;2;0;0;2;0;50;500;100;200;10;15;1;0
0.5x;random;German_17_26;80;DCB;22;1;1;0;2;0;0;2;1;50;500;100;200;10;15;1;0
0.5x;random;German_17_26;70;LLB;0;1;1;0;2;0;0;2;0;50;500;100;200;10;15;0;0
0.5x;random;German_17_26;70;LLB;0;1;1;0;2;0;0;2;1;50;500;100;200;10;15;0;0
0.5x;random;German_17_26;70;LLB;0;1;1;0;2;0;0;2;0;50;500;100;200;10;15;1;0
0.5x;random;German_17_26;70;LLB;0;1;1;0;2;0;0;2;1;50;500;100;200;10;15;1;0
0.5x;random;German_17_26;70;LLB;22;1;1;0;2;0;0;2;0;50;500;100;200;10;15;0;0
0.5x;random;German_17_26;70;LLB;22;1;1;0;2;0;0;2;1;50;500;100;200;10;15;0;0
0.5x;random;German_17_26;70;LLB;22;1;1;0;2;0;0;2;0;50;500;100;200;10;15;1;0
0.5x;random;German_17_26;70;LLB;22;1;1;0;2;0;0;2;1;50;500;100;200;10;15;1;0
0.5x;random;German_17_26;70;DCB;0;1;1;0;2;0;0;2;0;50;500;100;200;10;15;0;0
0.5x;random;German_17_26;70;DCB;0;1;1;0;2;0;0;2;1;50;500;100;200;10;15;0;0
0.5x;random;German_17_26;70;DCB;0;1;1;0;2;0;0;2;0;50;500;100;200;10;15;1;0
0.5x;random;German_17_26;70;DCB;0;1;1;0;2;0;0;2;1;50;500;100;200;10;15;1;0
0.5x;random;German_17_26;70;DCB;22;1;1;0;2;0;0;2;0;50;500;100;200;10;15;0;0
0.5x;random;German_17_26;70;DCB;22;1;1;0;2;0;0;2;1;50;500;100;200;10;15;0;0
0.5x;random;German_17_26;70;DCB;22;1;1;0;2;0;0;2;0;50;500;100;200;10;15;1;0
0.5x;random;German_17_26;70;DCB;22;1;1;0;2;0;0;2;1;50;500;100;200;10;15;1;0
0.5x;random;German_17_26;40-b;LLB;0;1;1;0;2;0;0;2;0;50;500;100;200;10;15;0;0
0.5x;random;German_17_26;40-b;LLB;0;1;1;0;2;0;0;2;1;50;500;100;200;10;15;0;0
0.5x;random;German_17_26;40-b;LLB;0;1;1;0;2;0;0;2;0;50;500;100;200;10;15;1;0
0.5x;random;German_17_26;40-b;LLB;0;1;1;0;2;0;0;2;1;50;500;100;200;10;15;1;0
0.5x;random;German_17_26;40-b;LLB;22;1;1;0;2;0;0;2;0;50;500;100;200;10;15;0;0
0.5x;random;German_17_26;40-b;LLB;22;1;1;0;2;0;0;2;1;50;500;100;200;10;15;0;0
0.5x;random;German_17_26;40-b;LLB;22;1;1;0;2;0;0;2;0;50;500;100;200;10;15;1;0
0.5x;random;German_17_26;40-b;LLB;22;1;1;0;2;0;0;2;1;50;500;100;200;10;15;1;0
0.5x;random;German_17_26;40-b;DCB;0;1;1;0;2;0;0;2;0;50;500;100;200;10;15;0;0
0.5x;random;German_17_26;40-b;DCB;0;1;1;0;2;0;0;2;1;50;500;100;200;10;15;0;0
0.5x;random;German_17_26;40-b;DCB;0;1;1;0;2;0;0;2;0;50;500;100;200;10;15;1;0
0.5x;random;German_17_26;40-b;DCB;0;1;1;0;2;0;0;2;1;50;500;100;200;10;15;1;0
0.5x;random;German_17_26;40-b;DCB;22;1;1;0;2;0;0;2;0;50;500;100;200;10;15;0;0
0.5x;random;German_17_26;40-b;DCB;22;1;1;0;2;0;0;2;1;50;500;100;200;10;15;0;0
0.5x;random;German_17_26;40-b;DCB;22;1;1;0;2;0;0;2;0;50;500;100;200;10;15;1;0
0.5x;random;German_17_26;40-b;DCB;22;1;1;0;2;0;0;2;1;50;500;100;200;10;15;1;0
0.5x;random;German_17_26;20;LLB;0;1;1;0;2;0;0;2;0;50;500;100;200;10;15;0;0
0.5x;random;German_17_26;20;LLB;0;1;1;0;2;0;0;2;1;50;500;100;200;10;15;0;0
0.5x;random;German_17_26;20;LLB;0;1;1;0;2;0;0;2;0;50;500;100;200;10;15;1;0
0.5x;random;German_17_26;20;LLB;0;1;1;0;2;0;0;2;1;50;500;100;200;10;15;1;0
0.5x;random;German_17_26;20;LLB;22;1;1;0;2;0;0;2;0;50;500;100;200;10;15;0;0
0.5x;random;German_17_26;20;LLB;22;1;1;0;2;0;0;2;1;50;500;100;200;10;15;0;0
0.5x;random;German_17_26;20;LLB;22;1;1;0;2;0;0;2;0;50;500;100;200;10;15;1;0
0.5x;random;German_17_26;20;LLB;22;1;1;0;2;0;0;2;1;50;500;100;200;10;15;1;0
0.5x;random;German_17_26;20;DCB;0;1;1;0;2;0;0;2;0;50;500;100;200;10;15;0;0
0.5x;random;German_17_26;20;DCB;0;1;1;0;2;0;0;2;1;50;500;100;200;10;15;0;0
0.5x;random;German_17_26;20;DCB;0;1;1;0;2;0;0;2;0;50;500;100;200;10;15;1;0
0.5x;random;German_17_26;20;DCB;0;1;1;0;2;0;0;2;1;50;500;100;200;10;15;1;0
0.5x;random;German_17_26;20;DCB;22;1;1;0;2;0;0;2;0;50;500;100;200;10;15;0;0
0.5x;random;German_17_26;20;DCB;22;1;1;0;2;0;0;2;1;50;500;100;200;10;15;0;0
0.5x;random;German_17_26;20;DCB;22;1;1;0;2;0;0;2;0;50;500;100;200;10;15;1;0
0.5x;random;German_17_26;20;DCB;22;1;1;0;2;0;0;2;1;50;500;100;200;10;15;1;0
0.5x;random;German_17_26;90;LLB;0;1;1;0;2;0;0;2;0;50;500;100;200;10;15;0;0
0.5x;random;German_17_26;90;LLB;0;1;1;0;2;0;0;2;1;50;500;100;200;10;15;0;0
0.5x;random;German_17_26;90;LLB;0;1;1;0;2;0;0;2;0;50;500;100;200;10;15;1;0
0.5x;random;German_17_26;90;LLB;0;1;1;0;2;0;0;2;1;50;500;100;200;10;15;1;0
0.5x;random;German_17_26;90;LLB;22;1;1;0;2;0;0;2;0;50;500;100;200;10;15;0;0
0.5x;random;German_17_26;90;LLB;22;1;1;0;2;0;0;2;1;50;500;100;200;10;15;0;0
0.5x;random;German_17_26;90;LLB;22;1;1;0;2;0;0;2;0;50;500;100;200;10;15;1;0
0.5x;random;German_17_26;90;LLB;22;1;1;0;2;0;0;2;1;50;500;100;200;10;15;1;0
0.5x;random;German_17_26;90;DCB;0;1;1;0;2;0;0;2;0;50;500;100;200;10;15;0;0
0.5x;random;German_17_26;90;DCB;0;1;1;0;2;0;0;2;1;50;500;100;200;10;15;0;0
0.5x;random;German_17_26;90;DCB;0;1;1;0;2;0;0;2;0;50;500;100;200;10;15;1;0
0.5x;random;German_17_26;90;DCB;0;1;1;0;2;0;0;2;1;50;500;100;200;10;15;1;0
0.5x;random;German_17_26;90;DCB;22;1;1;0;2;0;0;2;0;50;500;100;200;10;15;0;0
0.5x;random;German_17_26;90;DCB;22;1;1;0;2;0;0;2;1;50;500;100;200;10;15;0;0
0.5x;random;German_17_26;90;DCB;22;1;1;0;2;0;0;2;0;50;500;100;200;10;15;1;0
0.5x;random;German_17_26;90;DCB;22;1;1;0;2;0;0;2;1;50;500;100;200;10;15;1;0
0.5x;random;German_17_26;30-b;LLB;0;1;1;0;2;0;0;2;0;50;500;100;200;10;15;0;0
0.5x;random;German_17_26;30-b;LLB;0;1;1;0;2;0;0;2;1;50;500;100;200;10;15;0;0
0.5x;random;German_17_26;30-b;LLB;0;1;1;0;2;0;0;2;0;50;500;100;200;10;15;1;0
0.5x;random;German_17_26;30-b;LLB;0;1;1;0;2;0;0;2;1;50;500;100;200;10;15;1;0
0.5x;random;German_17_26;30-b;LLB;22;1;1;0;2;0;0;2;0;50;500;100;200;10;15;0;0
0.5x;random;German_17_26;30-b;LLB;22;1;1;0;2;0;0;2;1;50;500;100;200;10;15;0;0
0.5x;random;German_17_26;30-b;LLB;22;1;1;0;2;0;0;2;0;50;500;100;200;10;15;1;0
0.5x;random;German_17_26;30-b;LLB;22;1;1;0;2;0;0;2;1;50;500;100;200;10;15;1;0
0.5x;random;German_17_26;30-b;DCB;0;1;1;0;2;0;0;2;0;50;500;100;200;10;15;0;0
0.5x;random;German_17_26;30-b;DCB;0;1;1;0;2;0;0;2;1;50;500;100;200;10;15;0;0
0.5x;random;German_17_26;30-b;DCB;0;1;1;0;2;0;0;2;0;50;500;100;200;10;15;1;0
0.5x;random;German_17_26;30-b;DCB;0;1;1;0;2;0;0;2;1;50;500;100;200;10;15;1;0
0.5x;random;German_17_26;30-b;DCB;22;1;1;0;2;0;0;2;0;50;500;100;200;10;15;0;0
0.5x;random;German_17_26;30-b;DCB;22;1;1;0;2;0;0;2;1;50;500;100;200;10;15;0;0
0.5x;random;German_17_26;30-b;DCB;22;1;1;0;2;0;0;2;0;50;500;100;200;10;15;1;0
0.5x;random;German_17_26;30-b;DCB;22;1;1;0;2;0;0;2;1;50;500;100;200;10;15;1;0
0.5x;random;German_17_26;50-b;LLB;0;1;1;0;2;0;0;2;0;50;500;100;200;10;15;0;0
0.5x;random;German_17_26;50-b;LLB;0;1;1;0;2;0;0;2;1;50;500;100;200;10;15;0;0
0.5x;random;German_17_26;50-b;LLB;0;1;1;0;2;0;0;2;0;50;500;100;200;10;15;1;0
0.5x;random;German_17_26;50-b;LLB;0;1;1;0;2;0;0;2;1;50;500;100;200;10;15;1;0
0.5x;random;German_17_26;50-b;LLB;22;1;1;0;2;0;0;2;0;50;500;100;200;10;15;0;0
0.5x;random;German_17_26;50-b;LLB;22;1;1;0;2;0;0;2;1;50;500;100;200;10;15;0;0
0.5x;random;German_17_26;50-b;LLB;22;1;1;0;2;0;0;2;0;50;500;100;200;10;15;1;0
0.5x;random;German_17_26;50-b;LLB;22;1;1;0;2;0;0;2;1;50;500;100;200;10;15;1;0
0.5x;random;German_17_26;50-b;DCB;0;1;1;0;2;0;0;2;0;50;500;100;200;10;15;0;0
0.5x;random;German_17_26;50-b;DCB;0;1;1;0;2;0;0;2;1;50;500;100;200;10;15;0;0
0.5x;random;German_17_26;50-b;DCB;0;1;1;0;2;0;0;2;0;50;500;100;200;10;15;1;0
0.5x;random;German_17_26;50-b;DCB;0;1;1;0;2;0;0;2;1;50;500;100;200;10;15;1;0
0.5x;random;German_17_26;50-b;DCB;22;1;1;0;2;0;0;2;0;50;500;100;200;10;15;0;0
0.5x;random;German_17_26;50-b;DCB;22;1;1;0;2;0;0;2;1;50;500;100;200;10;15;0;0
0.5x;random;German_17_26;50-b;DCB;22;1;1;0;2;0;0;2;0;50;500;100;200;10;15;1;0
0.5x;random;German_17_26;50-b;DCB;22;1;1;0;2;0;0;2;1;50;500;100;200;10;15;1;0
0.5x;random;German_17_26;70-b-b;LLB;0;1;1;0;2;0;0;2;0;50;500;100;200;10;15;0;0
0.5x;random;German_17_26;70-b-b;LLB;0;1;1;0;2;0;0;2;1;50;500;100;200;10;15;0;0
0.5x;random;German_17_26;70-b-b;LLB;0;1;1;0;2;0;0;2;0;50;500;100;200;10;15;1;0
0.5x;random;German_17_26;70-b-b;LLB;0;1;1;0;2;0;0;2;1;50;500;100;200;10;15;1;0
0.5x;random;German_17_26;70-b-b;LLB;22;1;1;0;2;0;0;2;0;50;500;100;200;10;15;0;0
0.5x;random;German_17_26;70-b-b;LLB;22;1;1;0;2;0;0;2;1;50;500;100;200;10;15;0;0
0.5x;random;German_17_26;70-b-b;LLB;22;1;1;0;2;0;0;2;0;50;500;100;200;10;15;1;0
0.5x;random;German_17_26;70-b-b;LLB;22;1;1;0;2;0;0;2;1;50;500;100;200;10;15;1;0
0.5x;random;German_17_26;70-b-b;DCB;0;1;1;0;2;0;0;2;0;50;500;100;200;10;15;0;0
0.5x;random;German_17_26;70-b-b;DCB;0;1;1;0;2;0;0;2;1;50;500;100;200;10;15;0;0
0.5x;random;German_17_26;70-b-b;DCB;0;1;1;0;2;0;0;2;0;50;500;100;200;10;15;1;0
0.5x;random;German_17_26;70-b-b;DCB;0;1;1;0;2;0;0;2;1;50;500;100;200;10;15;1;0
0.5x;random;German_17_26;70-b-b;DCB;22;1;1;0;2;0;0;2;0;50;500;100;200;10;15;0;0
0.5x;random;German_17_26;70-b-b;DCB;22;1;1;0;2;0;0;2;1;50;500;100;200;10;15;0;0
0.5x;random;German_17_26;70-b-b;DCB;22;1;1;0;2;0;0;2;0;50;500;100;200;10;15;1;0
0.5x;random;German_17_26;70-b-b;DCB;22;1;1;0;2;0;0;2;1;50;500;100;200;10;15;1;0
0.5x;random;German_17_26;20-b;LLB;0;1;1;0;2;0;0;2;0;50;500;100;200;10;15;0;0
0.5x;random;German_17_26;20-b;LLB;0;1;1;0;2;0;0;2;1;50;500;100;200;10;15;0;0
0.5x;random;German_17_26;20-b;LLB;0;1;1;0;2;0;0;2;0;50;500;100;200;10;15;1;0
0.5x;random;German_17_26;20-b;LLB;0;1;1;0;2;0;0;2;1;50;500;100;200;10;15;1;0
0.5x;random;German_17_26;20-b;LLB;22;1;1;0;2;0;0;2;0;50;500;100;200;10;15;0;0
0.5x;random;German_17_26;20-b;LLB;22;1;1;0;2;0;0;2;1;50;500;100;200;10;15;0;0
0.5x;random;German_17_26;20-b;LLB;22;1;1;0;2;0;0;2;0;50;500;100;200;10;15;1;0
0.5x;random;German_17_26;20-b;LLB;22;1;1;0;2;0;0;2;1;50;500;100;200;10;15;1;0
0.5x;random;German_17_26;20-b;DCB;0;1;1;0;2;0;0;2;0;50;500;100;200;10;15;0;0
0.5x;random;German_17_26;20-b;DCB;0;1;1;0;2;0;0;2;1;50;500;100;200;10;15;0;0
0.5x;random;German_17_26;20-b;DCB;0;1;1;0;2;0;0;2;0;50;500;100;200;10;15;1;0
0.5x;random;German_17_26;20-b;DCB;0;1;1;0;2;0;0;2;1;50;500;100;200;10;15;1;0
0.5x;random;German_17_26;20-b;DCB;22;1;1;0;2;0;0;2;0;50;500;100;200;10;15;0;0
0.5x;random;German_17_26;20-b;DCB;22;1;1;0;2;0;0;2;1;50;500;100;200;10;15;0;0
0.5x;random;German_17_26;20-b;DCB;22;1;1;0;2;0;0;2;0;50;500;100;200;10;15;1;0
0.5x;random;German_17_26;20-b;DCB;22;1;1;0;2;0;0;2;1;50;500;100;200;10;15;1;0
0.5x;random;German_17_26;60-b;LLB;0;1;1;0;2;0;0;2;0;50;500;100;200;10;15;0;0
0.5x;random;German_17_26;60-b;LLB;0;1;1;0;2;0;0;2;1;50;500;100;200;10;15;0;0
0.5x;random;German_17_26;60-b;LLB;0;1;1;0;2;0;0;2;0;50;500;100;200;10;15;1;0
0.5x;random;German_17_26;60-b;LLB;0;1;1;0;2;0;0;2;1;50;500;100;200;10;15;1;0
0.5x;random;German_17_26;60-b;LLB;22;1;1;0;2;0;0;2;0;50;500;100;200;10;15;0;0
0.5x;random;German_17_26;60-b;LLB;22;1;1;0;2;0;0;2;1;50;500;100;200;10;15;0;0
0.5x;random;German_17_26;60-b;LLB;22;1;1;0;2;0;0;2;0;50;500;100;200;10;15;1;0
0.5x;random;German_17_26;60-b;LLB;22;1;1;0;2;0;0;2;1;50;500;100;200;10;15;1;0
0.5x;random;German_17_26;60-b;DCB;0;1;1;0;2;0;0;2;0;50;500;100;200;10;15;0;0
0.5x;random;German_17_26;60-b;DCB;0;1;1;0;2;0;0;2;1;50;500;100;200;10;15;0;0
0.5x;random;German_17_26;60-b;DCB;0;1;1;0;2;0;0;2;0;50;500;100;200;10;15;1;0
0.5x;random;German_17_26;60-b;DCB;0;1;1;0;2;0;0;2;1;50;500;100;200;10;15;1;0
0.5x;random;German_17_26;60-b;DCB;22;1;1;0;2;0;0;2;0;50;500;100;200;10;15;0;0
0.5x;random;German_17_26;60-b;DCB;22;1;1;0;2;0;0;2;1;50;500;100;200;10;15;0;0
0.5x;random;German_17_26;60-b;DCB;22;1;1;0;2;0;0;2;0;50;500;100;200;10;15;1;0
0.5x;random;German_17_26;60-b;DCB;22;1;1;0;2;0;0;2;1;50;500;100;200;10;15;1;0
0.5x;random;German_17_26;30;LLB;0;1;1;0;2;0;0;2;0;50;500;100;200;10;15;0;0
0.5x;random;German_17_26;30;LLB;0;1;1;0;2;0;0;2;1;50;500;100;200;10;15;0;0
0.5x;random;German_17_26;30;LLB;0;1;1;0;2;0;0;2;0;50;500;100;200;10;15;1;0
0.5x;random;German_17_26;30;LLB;0;1;1;0;2;0;0;2;1;50;500;100;200;10;15;1;0
0.5x;random;German_17_26;30;LLB;22;1;1;0;2;0;0;2;0;50;500;100;200;10;15;0;0
0.5x;random;German_17_26;30;LLB;22;1;1;0;2;0;0;2;1;50;500;100;200;10;15;0;0
0.5x;random;German_17_26;30;LLB;22;1;1;0;2;0;0;2;0;50;500;100;200;10;15;1;0
0.5x;random;German_17_26;30;LLB;22;1;1;0;2;0;0;2;1;50;500;100;200;10;15;1;0
0.5x;random;German_17_26;30;DCB;0;1;1;0;2;0;0;2;0;50;500;100;200;10;15;0;0
0.5x;random;German_17_26;30;DCB;0;1;1;0;2;0;0;2;1;50;500;100;200;10;15;0;0
0.5x;random;German_17_26;30;DCB;0;1;1;0;2;0;0;2;0;50;500;100;200;10;15;1;0
0.5x;random;German_17_26;30;DCB;0;1;1;0;2;0;0;2;1;50;500;100;200;10;15;1;0
0.5x;random;German_17_26;30;DCB;22;1;1;0;2;0;0;2;0;50;500;100;200;10;15;0;0
0.5x;random;German_17_26;30;DCB;22;1;1;0;2;0;0;2;1;50;500;100;200;10;15;0;0
0.5x;random;German_17_26;30;DCB;22;1;1;0;2;0;0;2;0;50;500;100;200;10;15;1;0
0.5x;random;German_17_26;30;DCB;22;1;1;0;2;0;0;2;1;50;500;100;200;10;15;1;0
0.5x;random;German_17_26;50;LLB;0;1;1;0;2;0;0;2;0;50;500;100;200;10;15;0;0
0.5x;random;German_17_26;50;LLB;0;1;1;0;2;0;0;2;1;50;500;100;200;10;15;0;0
0.5x;random;German_17_26;50;LLB;0;1;1;0;2;0;0;2;0;50;500;100;200;10;15;1;0
0.5x;random;German_17_26;50;LLB;0;1;1;0;2;0;0;2;1;50;500;100;200;10;15;1;0
0.5x;random;German_17_26;50;LLB;22;1;1;0;2;0;0;2;0;50;500;100;200;10;15;0;0
0.5x;random;German_17_26;50;LLB;22;1;1;0;2;0;0;2;1;50;500;100;200;10;15;0;0
0.5x;random;German_17_26;50;LLB;22;1;1;0;2;0;0;2;0;50;500;100;200;10;15;1;0
0.5x;random;German_17_26;50;LLB;22;1;1;0;2;0;0;2;1;50;500;100;200;10;15;1;0
0.5x;random;German_17_26;50;DCB;0;1;1;0;2;0;0;2;0;50;500;100;200;10;15;0;0
0.5x;random;German_17_26;50;DCB;0;1;1;0;2;0;0;2;1;50;500;100;200;10;15;0;0
0.5x;random;German_17_26;50;DCB;0;1;1;0;2;0;0;2;0;50;500;100;200;10;15;1;0
0.5x;random;German_17_26;50;DCB;0;1;1;0;2;0;0;2;1;50;500;100;200;10;15;1;0
0.5x;random;German_17_26;50;DCB;22;1;1;0;2;0;0;2;0;50;500;100;200;10;15;0;0
0.5x;random;German_17_26;50;DCB;22;1;1;0;2;0;0;2;1;50;500;100;200;10;15;0;0
0.5x;random;German_17_26;50;DCB;22;1;1;0;2;0;0;2;0;50;500;100;200;10;15;1;0
0.5x;random;German_17_26;50;DCB;22;1;1;0;2;0;0;2;1;50;500;100;200;10;15;1;0
0.5x;random;German_17_26;60-b-b;LLB;0;1;1;0;2;0;0;2;0;50;500;100;200;10;15;0;0
0.5x;random;German_17_26;60-b-b;LLB;0;1;1;0;2;0;0;2;1;50;500;100;200;10;15;0;0
0.5x;random;German_17_26;60-b-b;LLB;0;1;1;0;2;0;0;2;0;50;500;100;200;10;15;1;0
0.5x;random;German_17_26;60-b-b;LLB;0;1;1;0;2;0;0;2;1;50;500;100;200;10;15;1;0
0.5x;random;German_17_26;60-b-b;LLB;22;1;1;0;2;0;0;2;0;50;500;100;200;10;15;0;0
0.5x;random;German_17_26;60-b-b;LLB;22;1;1;0;2;0;0;2;1;50;500;100;200;10;15;0;0
0.5x;random;German_17_26;60-b-b;LLB;22;1;1;0;2;0;0;2;0;50;500;100;200;10;15;1;0
0.5x;random;German_17_26;60-b-b;LLB;22;1;1;0;2;0;0;2;1;50;500;100;200;10;15;1;0
0.5x;random;German_17_26;60-b-b;DCB;0;1;1;0;2;0;0;2;0;50;500;100;200;10;15;0;0
0.5x;random;German_17_26;60-b-b;DCB;0;1;1;0;2;0;0;2;1;50;500;100;200;10;15;0;0
0.5x;random;German_17_26;60-b-b;DCB;0;1;1;0;2;0;0;2;0;50;500;100;200;10;15;1;0
0.5x;random;German_17_26;60-b-b;DCB;0;1;1;0;2;0;0;2;1;50;500;100;200;10;15;1;0
0.5x;random;German_17_26;60-b-b;DCB;22;1;1;0;2;0;0;2;0;50;500;100;200;10;15;0;0
0.5x;random;German_17_26;60-b-b;DCB;22;1;1;0;2;0;0;2;1;50;500;100;200;10;15;0;0
0.5x;random;German_17_26;60-b-b;DCB;22;1;1;0;2;0;0;2;0;50;500;100;200;10;15;1;0
0.5x;random;German_17_26;60-b-b;DCB;22;1;1;0;2;0;0;2;1;50;500;100;200;10;15;1;0
0.5x;random;German_17_26;100-b-b;LLB;0;1;1;0;2;0;0;2;0;50;500;100;200;10;15;0;0
0.5x;random;German_17_26;100-b-b;LLB;0;1;1;0;2;0;0;2;1;50;500;100;200;10;15;0;0
0.5x;random;German_17_26;100-b-b;LLB;0;1;1;0;2;0;0;2;0;50;500;100;200;10;15;1;0
0.5x;random;German_17_26;100-b-b;LLB;0;1;1;0;2;0;0;2;1;50;500;100;200;10;15;1;0
0.5x;random;German_17_26;100-b-b;LLB;22;1;1;0;2;0;0;2;0;50;500;100;200;10;15;0;0
0.5x;random;German_17_26;100-b-b;LLB;22;1;1;0;2;0;0;2;1;50;500;100;200;10;15;0;0
0.5x;random;German_17_26;100-b-b;LLB;22;1;1;0;2;0;0;2;0;50;500;100;200;10;15;1;0
0.5x;random;German_17_26;100-b-b;LLB;22;1;1;0;2;0;0;2;1;50;500;100;200;10;15;1;0
0.5x;random;German_17_26;100-b-b;DCB;0;1;1;0;2;0;0;2;0;50;500;100;200;10;15;0;0
0.5x;random;German_17_26;100-b-b;DCB;0;1;1;0;2;0;0;2;1;50;500;100;200;10;15;0;0
0.5x;random;German_17_26;100-b-b;DCB;0;1;1;0;2;0;0;2;0;50;500;100;200;10;15;1;0
0.5x;random;German_17_26;100-b-b;DCB;0;1;1;0;2;0;0;2;1;50;500;100;200;10;15;1;0
0.5x;random;German_17_26;100-b-b;DCB;22;1;1;0;2;0;0;2;0;50;500;100;200;10;15;0;0
0.5x;random;German_17_26;100-b-b;DCB;22;1;1;0;2;0;0;2;1;50;500;100;200;10;15;0;0
0.5x;random;German_17_26;100-b-b;DCB;22;1;1;0;2;0;0;2;0;50;500;100;200;10;15;1;0
0.5x;random;German_17_26;100-b-b;DCB;22;1;1;0;2;0;0;2;1;50;500;100;200;10;15;1;0
0.5x;random;German_17_26;30-b-b;LLB;0;1;1;0;2;0;0;2;0;50;500;100;200;10;15;0;0
0.5x;random;German_17_26;30-b-b;LLB;0;1;1;0;2;0;0;2;1;50;500;100;200;10;15;0;0
0.5x;random;German_17_26;30-b-b;LLB;0;1;1;0;2;0;0;2;0;50;500;100;200;10;15;1;0
0.5x;random;German_17_26;30-b-b;LLB;0;1;1;0;2;0;0;2;1;50;500;100;200;10;15;1;0
0.5x;random;German_17_26;30-b-b;LLB;22;1;1;0;2;0;0;2;0;50;500;100;200;10;15;0;0
0.5x;random;German_17_26;30-b-b;LLB;22;1;1;0;2;0;0;2;1;50;500;100;200;10;15;0;0
0.5x;random;German_17_26;30-b-b;LLB;22;1;1;0;2;0;0;2;0;50;500;100;200;10;15;1;0
0.5x;random;German_17_26;30-b-b;LLB;22;1;1;0;2;0;0;2;1;50;500;100;200;10;15;1;0
0.5x;random;German_17_26;30-b-b;DCB;0;1;1;0;2;0;0;2;0;50;500;100;200;10;15;0;0
0.5x;random;German_17_26;30-b-b;DCB;0;1;1;0;2;0;0;2;1;50;500;100;200;10;15;0;0
0.5x;random;German_17_26;30-b-b;DCB;0;1;1;0;2;0;0;2;0;50;500;100;200;10;15;1;0
0.5x;random;German_17_26;30-b-b;DCB;0;1;1;0;2;0;0;2;1;50;500;100;200;10;15;1;0
0.5x;random;German_17_26;30-b-b;DCB;22;1;1;0;2;0;0;2;0;50;500;100;200;10;15;0;0
0.5x;random;German_17_26;30-b-b;DCB;22;1;1;0;2;0;0;2;1;50;500;100;200;10;15;0;0
0.5x;random;German_17_26;30-b-b;DCB;22;1;1;0;2;0;0;2;0;50;500;100;200;10;15;1;0
0.5x;random;German_17_26;30-b-b;DCB;22;1;1;0;2;0;0;2;1;50;500;100;200;10;15;1;0
0.5x;random;German_17_26;100;LLB;0;1;1;0;2;0;0;2;0;50;500;100;200;10;15;0;0
0.5x;random;German_17_26;100;LLB;0;1;1;0;2;0;0;2;1;50;500;100;200;10;15;0;0
0.5x;random;German_17_26;100;LLB;0;1;1;0;2;0;0;2;0;50;500;100;200;10;15;1;0
0.5x;random;German_17_26;100;LLB;0;1;1;0;2;0;0;2;1;50;500;100;200;10;15;1;0
0.5x;random;German_17_26;100;LLB;22;1;1;0;2;0;0;2;0;50;500;100;200;10;15;0;0
0.5x;random;German_17_26;100;LLB;22;1;1;0;2;0;0;2;1;50;500;100;200;10;15;0;0
0.5x;random;German_17_26;100;LLB;22;1;1;0;2;0;0;2;0;50;500;100;200;10;15;1;0
0.5x;random;German_17_26;100;LLB;22;1;1;0;2;0;0;2;1;50;500;100;200;10;15;1;0
0.5x;random;German_17_26;100;DCB;0;1;1;0;2;0;0;2;0;50;500;100;200;10;15;0;0
0.5x;random;German_17_26;100;DCB;0;1;1;0;2;0;0;2;1;50;500;100;200;10;15;0;0
0.5x;random;German_17_26;100;DCB;0;1;1;0;2;0;0;2;0;50;500;100;200;10;15;1;0
0.5x;random;German_17_26;100;DCB;0;1;1;0;2;0;0;2;1;50;500;100;200;10;15;1;0
0.5x;random;German_17_26;100;DCB;22;1;1;0;2;0;0;2;0;50;500;100;200;10;15;0;0
0.5x;random;German_17_26;100;DCB;22;1;1;0;2;0;0;2;1;50;500;100;200;10;15;0;0
0.5x;random;German_17_26;100;DCB;22;1;1;0;2;0;0;2;0;50;500;100;200;10;15;1;0
0.5x;random;German_17_26;100;DCB;22;1;1;0;2;0;0;2;1;50;500;100;200;10;15;1;0
0.5x;random;German_17_26;70-b;LLB;0;1;1;0;2;0;0;2;0;50;500;100;200;10;15;0;0
0.5x;random;German_17_26;70-b;LLB;0;1;1;0;2;0;0;2;1;50;500;100;200;10;15;0;0
0.5x;random;German_17_26;70-b;LLB;0;1;1;0;2;0;0;2;0;50;500;100;200;10;15;1;0
0.5x;random;German_17_26;70-b;LLB;0;1;1;0;2;0;0;2;1;50;500;100;200;10;15;1;0
0.5x;random;German_17_26;70-b;LLB;22;1;1;0;2;0;0;2;0;50;500;100;200;10;15;0;0
0.5x;random;German_17_26;70-b;LLB;22;1;1;0;2;0;0;2;1;50;500;100;200;10;15;0;0
0.5x;random;German_17_26;70-b;LLB;22;1;1;0;2;0;0;2;0;50;500;100;200;10;15;1;0
0.5x;random;German_17_26;70-b;LLB;22;1;1;0;2;0;0;2;1;50;500;100;200;10;15;1;0
0.5x;random;German_17_26;70-b;DCB;0;1;1;0;2;0;0;2;0;50;500;100;200;10;15;0;0
0.5x;random;German_17_26;70-b;DCB;0;1;1;0;2;0;0;2;1;50;500;100;200;10;15;0;0
0.5x;random;German_17_26;70-b;DCB;0;1;1;0;2;0;0;2;0;50;500;100;200;10;15;1;0
0.5x;random;German_17_26;70-b;DCB;0;1;1;0;2;0;0;2;1;50;500;100;200;10;15;1;0
0.5x;random;German_17_26;70-b;DCB;22;1;1;0;2;0;0;2;0;50;500;100;200;10;15;0;0
0.5x;random;German_17_26;70-b;DCB;22;1;1;0;2;0;0;2;1;50;500;100;200;10;15;0;0
0.5x;random;German_17_26;70-b;DCB;22;1;1;0;2;0;0;2;0;50;500;100;200;10;15;1;0
0.5x;random;German_17_26;70-b;DCB;22;1;1;0;2;0;0;2;1;50;500;100;200;10;15;1;0
0.5x;random;German_17_26;40-b-b;LLB;0;1;1;0;2;0;0;2;0;50;500;100;200;10;15;0;0
0.5x;random;German_17_26;40-b-b;LLB;0;1;1;0;2;0;0;2;1;50;500;100;200;10;15;0;0
0.5x;random;German_17_26;40-b-b;LLB;0;1;1;0;2;0;0;2;0;50;500;100;200;10;15;1;0
0.5x;random;German_17_26;40-b-b;LLB;0;1;1;0;2;0;0;2;1;50;500;100;200;10;15;1;0
0.5x;random;German_17_26;40-b-b;LLB;22;1;1;0;2;0;0;2;0;50;500;100;200;10;15;0;0
0.5x;random;German_17_26;40-b-b;LLB;22;1;1;0;2;0;0;2;1;50;500;100;200;10;15;0;0
0.5x;random;German_17_26;40-b-b;LLB;22;1;1;0;2;0;0;2;0;50;500;100;200;10;15;1;0
0.5x;random;German_17_26;40-b-b;LLB;22;1;1;0;2;0;0;2;1;50;500;100;200;10;15;1;0
0.5x;random;German_17_26;40-b-b;DCB;0;1;1;0;2;0;0;2;0;50;500;100;200;10;15;0;0
0.5x;random;German_17_26;40-b-b;DCB;0;1;1;0;2;0;0;2;1;50;500;100;200;10;15;0;0
0.5x;random;German_17_26;40-b-b;DCB;0;1;1;0;2;0;0;2;0;50;500;100;200;10;15;1;0
0.5x;random;German_17_26;40-b-b;DCB;0;1;1;0;2;0;0;2;1;50;500;100;200;10;15;1;0
0.5x;random;German_17_26;40-b-b;DCB;22;1;1;0;2;0;0;2;0;50;500;100;200;10;15;0;0
0.5x;random;German_17_26;40-b-b;DCB;22;1;1;0;2;0;0;2;1;50;500;100;200;10;15;0;0
0.5x;random;German_17_26;40-b-b;DCB;22;1;1;0;2;0;0;2;0;50;500;100;200;10;15;1;0
0.5x;random;German_17_26;40-b-b;DCB;22;1;1;0;2;0;0;2;1;50;500;100;200;10;15;1;0
0.5x;random;German_17_26;80-b;LLB;0;1;1;0;2;0;0;2;0;50;500;100;200;10;15;0;0
0.5x;random;German_17_26;80-b;LLB;0;1;1;0;2;0;0;2;1;50;500;100;200;10;15;0;0
0.5x;random;German_17_26;80-b;LLB;0;1;1;0;2;0;0;2;0;50;500;100;200;10;15;1;0
0.5x;random;German_17_26;80-b;LLB;0;1;1;0;2;0;0;2;1;50;500;100;200;10;15;1;0
0.5x;random;German_17_26;80-b;LLB;22;1;1;0;2;0;0;2;0;50;500;100;200;10;15;0;0
0.5x;random;German_17_26;80-b;LLB;22;1;1;0;2;0;0;2;1;50;500;100;200;10;15;0;0
0.5x;random;German_17_26;80-b;LLB;22;1;1;0;2;0;0;2;0;50;500;100;200;10;15;1;0
0.5x;random;German_17_26;80-b;LLB;22;1;1;0;2;0;0;2;1;50;500;100;200;10;15;1;0
0.5x;random;German_17_26;80-b;DCB;0;1;1;0;2;0;0;2;0;50;500;100;200;10;15;0;0
0.5x;random;German_17_26;80-b;DCB;0;1;1;0;2;0;0;2;1;50;500;100;200;10;15;0;0
0.5x;random;German_17_26;80-b;DCB;0;1;1;0;2;0;0;2;0;50;500;100;200;10;15;1;0
0.5x;random;German_17_26;80-b;DCB;0;1;1;0;2;0;0;2;1;50;500;100;200;10;15;1;0
0.5x;random;German_17_26;80-b;DCB;22;1;1;0;2;0;0;2;0;50;500;100;200;10;15;0;0
0.5x;random;German_17_26;80-b;DCB;22;1;1;0;2;0;0;2;1;50;500;100;200;10;15;0;0
0.5x;random;German_17_26;80-b;DCB;22;1;1;0;2;0;0;2;0;50;500;100;200;10;15;1;0
0.5x;random;German_17_26;80-b;DCB;22;1;1;0;2;0;0;2;1;50;500;100;200;10;15;1;0
0.5x;random;European_18_40;80-b-b;LLB;0;1;1;0;2;0;0;2;0;50;500;100;200;10;15;0;0
0.5x;random;European_18_40;80-b-b;LLB;0;1;1;0;2;0;0;2;1;50;500;100;200;10;15;0;0
0.5x;random;European_18_40;80-b-b;LLB;0;1;1;0;2;0;0;2;0;50;500;100;200;10;15;1;0
0.5x;random;European_18_40;80-b-b;LLB;0;1;1;0;2;0;0;2;1;50;500;100;200;10;15;1;0
0.5x;random;European_18_40;80-b-b;LLB;22;1;1;0;2;0;0;2;0;50;500;100;200;10;15;0;0
0.5x;random;European_18_40;80-b-b;LLB;22;1;1;0;2;0;0;2;1;50;500;100;200;10;15;0;0
0.5x;random;European_18_40;80-b-b;LLB;22;1;1;0;2;0;0;2;0;50;500;100;200;10;15;1;0
0.5x;random;European_18_40;80-b-b;LLB;22;1;1;0;2;0;0;2;1;50;500;100;200;10;15;1;0
0.5x;random;European_18_40;80-b-b;DCB;0;1;1;0;2;0;0;2;0;50;500;100;200;10;15;0;0
0.5x;random;European_18_40;80-b-b;DCB;0;1;1;0;2;0;0;2;1;50;500;100;200;10;15;0;0
0.5x;random;European_18_40;80-b-b;DCB;0;1;1;0;2;0;0;2;0;50;500;100;200;10;15;1;0
0.5x;random;European_18_40;80-b-b;DCB;0;1;1;0;2;0;0;2;1;50;500;100;200;10;15;1;0
0.5x;random;European_18_40;80-b-b;DCB;22;1;1;0;2;0;0;2;0;50;500;100;200;10;15;0;0
0.5x;random;European_18_40;80-b-b;DCB;22;1;1;0;2;0;0;2;1;50;500;100;200;10;15;0;0
0.5x;random;European_18_40;80-b-b;DCB;22;1;1;0;2;0;0;2;0;50;500;100;200;10;15;1;0
0.5x;random;European_18_40;80-b-b;DCB;22;1;1;0;2;0;0;2;1;50;500;100;200;10;15;1;0
0.5x;random;European_18_40;90-b-b;LLB;0;1;1;0;2;0;0;2;0;50;500;100;200;10;15;0;0
0.5x;random;European_18_40;90-b-b;LLB;0;1;1;0;2;0;0;2;1;50;500;100;200;10;15;0;0
0.5x;random;European_18_40;90-b-b;LLB;0;1;1;0;2;0;0;2;0;50;500;100;200;10;15;1;0
0.5x;random;European_18_40;90-b-b;LLB;0;1;1;0;2;0;0;2;1;50;500;100;200;10;15;1;0
0.5x;random;European_18_40;90-b-b;LLB;22;1;1;0;2;0;0;2;0;50;500;100;200;10;15;0;0
0.5x;random;European_18_40;90-b-b;LLB;22;1;1;0;2;0;0;2;1;50;500;100;200;10;15;0;0
0.5x;random;European_18_40;90-b-b;LLB;22;1;1;0;2;0;0;2;0;50;500;100;200;10;15;1;0
0.5x;random;European_18_40;90-b-b;LLB;22;1;1;0;2;0;0;2;1;50;500;100;200;10;15;1;0
0.5x;random;European_18_40;90-b-b;DCB;0;1;1;0;2;0;0;2;0;50;500;100;200;10;15;0;0
0.5x;random;European_18_40;90-b-b;DCB;0;1;1;0;2;0;0;2;1;50;500;100;200;10;15;0;0
0.5x;random;European_18_40;90-b-b;DCB;0;1;1;0;2;0;0;2;0;50;500;100;200;10;15;1;0
0.5x;random;European_18_40;90-b-b;DCB;0;1;1;0;2;0;0;2;1;50;500;100;200;10;15;1;0
0.5x;random;European_18_40;90-b-b;DCB;22;1;1;0;2;0;0;2;0;50;500;100;200;10;15;0;0
0.5x;random;European_18_40;90-b-b;DCB;22;1;1;0;2;0;0;2;1;50;500;100;200;10;15;0;0
0.5x;random;European_18_40;90-b-b;DCB;22;1;1;0;2;0;0;2;0;50;500;100;200;10;15;1;0
0.5x;random;European_18_40;90-b-b;DCB;22;1;1;0;2;0;0;2;1;50;500;100;200;10;15;1;0
0.5x;random;European_18_40;60;LLB;0;1;1;0;2;0;0;2;0;50;500;100;200;10;15;0;0
0.5x;random;European_18_40;60;LLB;0;1;1;0;2;0;0;2;1;50;500;100;200;10;15;0;0
0.5x;random;European_18_40;60;LLB;0;1;1;0;2;0;0;2;0;50;500;100;200;10;15;1;0
0.5x;random;European_18_40;60;LLB;0;1;1;0;2;0;0;2;1;50;500;100;200;10;15;1;0
0.5x;random;European_18_40;60;LLB;22;1;1;0;2;0;0;2;0;50;500;100;200;10;15;0;0
0.5x;random;European_18_40;60;LLB;22;1;1;0;2;0;0;2;1;50;500;100;200;10;15;0;0
0.5x;random;European_18_40;60;LLB;22;1;1;0;2;0;0;2;0;50;500;100;200;10;15;1;0
0.5x;random;European_18_40;60;LLB;22;1;1;0;2;0;0;2;1;50;500;100;200;10;15;1;0
0.5x;random;European_18_40;60;DCB;0;1;1;0;2;0;0;2;0;50;500;100;200;10;15;0;0
0.5x;random;European_18_40;60;DCB;0;1;1;0;2;0;0;2;1;50;500;100;200;10;15;0;0
0.5x;random;European_18_40;60;DCB;0;1;1;0;2;0;0;2;0;50;500;100;200;10;15;1;0
0.5x;random;European_18_40;60;DCB;0;1;1;0;2;0;0;2;1;50;500;100;200;10;15;1;0
0.5x;random;European_18_40;60;DCB;22;1;1;0;2;0;0;2;0;50;500;100;200;10;15;0;0
0.5x;random;European_18_40;60;DCB;22;1;1;0;2;0;0;2;1;50;500;100;200;10;15;0;0
0.5x;random;European_18_40;60;DCB;22;1;1;0;2;0;0;2;0;50;500;100;200;10;15;1;0
0.5x;random;European_18_40;60;DCB;22;1;1;0;2;0;0;2;1;50;500;100;200;10;15;1;0
0.5x;random;European_18_40;20-b-b;LLB;0;1;1;0;2;0;0;2;0;50;500;100;200;10;15;0;0
0.5x;random;European_18_40;20-b-b;LLB;0;1;1;0;2;0;0;2;1;50;500;100;200;10;15;0;0
0.5x;random;European_18_40;20-b-b;LLB;0;1;1;0;2;0;0;2;0;50;500;100;200;10;15;1;0
0.5x;random;European_18_40;20-b-b;LLB;0;1;1;0;2;0;0;2;1;50;500;100;200;10;15;1;0
0.5x;random;European_18_40;20-b-b;LLB;22;1;1;0;2;0;0;2;0;50;500;100;200;10;15;0;0
0.5x;random;European_18_40;20-b-b;LLB;22;1;1;0;2;0;0;2;1;50;500;100;200;10;15;0;0
0.5x;random;European_18_40;20-b-b;LLB;22;1;1;0;2;0;0;2;0;50;500;100;200;10;15;1;0
0.5x;random;European_18_40;20-b-b;LLB;22;1;1;0;2;0;0;2;1;50;500;100;200;10;15;1;0
0.5x;random;European_18_40;20-b-b;DCB;0;1;1;0;2;0;0;2;0;50;500;100;200;10;15;0;0
0.5x;random;European_18_40;20-b-b;DCB;0;1;1;0;2;0;0;2;1;50;500;100;200;10;15;0;0
0.5x;random;European_18_40;20-b-b;DCB;0;1;1;0;2;0;0;2;0;50;500;100;200;10;15;1;0
0.5x;random;European_18_40;20-b-b;DCB;0;1;1;0;2;0;0;2;1;50;500;100;200;10;15;1;0
0.5x;random;European_18_40;20-b-b;DCB;22;1;1;0;2;0;0;2;0;50;500;100;200;10;15;0;0
0.5x;random;European_18_40;20-b-b;DCB;22;1;1;0;2;0;0;2;1;50;500;100;200;10;15;0;0
0.5x;random;European_18_40;20-b-b;DCB;22;1;1;0;2;0;0;2;0;50;500;100;200;10;15;1;0
0.5x;random;European_18_40;20-b-b;DCB;22;1;1;0;2;0;0;2;1;50;500;100;200;10;15;1;0
0.5x;random;European_18_40;50-b-b;LLB;0;1;1;0;2;0;0;2;0;50;500;100;200;10;15;0;0
0.5x;random;European_18_40;50-b-b;LLB;0;1;1;0;2;0;0;2;1;50;500;100;200;10;15;0;0
0.5x;random;European_18_40;50-b-b;LLB;0;1;1;0;2;0;0;2;0;50;500;100;200;10;15;1;0
0.5x;random;European_18_40;50-b-b;LLB;0;1;1;0;2;0;0;2;1;50;500;100;200;10;15;1;0
0.5x;random;European_18_40;50-b-b;LLB;22;1;1;0;2;0;0;2;0;50;500;100;200;10;15;0;0
0.5x;random;European_18_40;50-b-b;LLB;22;1;1;0;2;0;0;2;1;50;500;100;200;10;15;0;0
0.5x;random;European_18_40;50-b-b;LLB;22;1;1;0;2;0;0;2;0;50;500;100;200;10;15;1;0
0.5x;random;European_18_40;50-b-b;LLB;22;1;1;0;2;0;0;2;1;50;500;100;200;10;15;1;0
0.5x;random;European_18_40;50-b-b;DCB;0;1;1;0;2;0;0;2;0;50;500;100;200;10;15;0;0
0.5x;random;European_18_40;50-b-b;DCB;0;1;1;0;2;0;0;2;1;50;500;100;200;10;15;0;0
0.5x;random;European_18_40;50-b-b;DCB;0;1;1;0;2;0;0;2;0;50;500;100;200;10;15;1;0
0.5x;random;European_18_40;50-b-b;DCB;0;1;1;0;2;0;0;2;1;50;500;100;200;10;15;1;0
0.5x;random;European_18_40;50-b-b;DCB;22;1;1;0;2;0;0;2;0;50;500;100;200;10;15;0;0
0.5x;random;European_18_40;50-b-b;DCB;22;1;1;0;2;0;0;2;1;50;500;100;200;10;15;0;0
0.5x;random;European_18_40;50-b-b;DCB;22;1;1;0;2;0;0;2;0;50;500;100;200;10;15;1;0
0.5x;random;European_18_40;50-b-b;DCB;22;1;1;0;2;0;0;2;1;50;500;100;200;10;15;1;0
0.5x;random;European_18_40;100-b;LLB;0;1;1;0;2;0;0;2;0;50;500;100;200;10;15;0;0
0.5x;random;European_18_40;100-b;LLB;0;1;1;0;2;0;0;2;1;50;500;100;200;10;15;0;0
0.5x;random;European_18_40;100-b;LLB;0;1;1;0;2;0;0;2;0;50;500;100;200;10;15;1;0
0.5x;random;European_18_40;100-b;LLB;0;1;1;0;2;0;0;2;1;50;500;100;200;10;15;1;0
0.5x;random;European_18_40;100-b;LLB;22;1;1;0;2;0;0;2;0;50;500;100;200;10;15;0;0
0.5x;random;European_18_40;100-b;LLB;22;1;1;0;2;0;0;2;1;50;500;100;200;10;15;0;0
0.5x;random;European_18_40;100-b;LLB;22;1;1;0;2;0;0;2;0;50;500;100;200;10;15;1;0
0.5x;random;European_18_40;100-b;LLB;22;1;1;0;2;0;0;2;1;50;500;100;200;10;15;1;0
0.5x;random;European_18_40;100-b;DCB;0;1;1;0;2;0;0;2;0;50;500;100;200;10;15;0;0
0.5x;random;European_18_40;100-b;DCB;0;1;1;0;2;0;0;2;1;50;500;100;200;10;15;0;0
0.5x;random;European_18_40;100-b;DCB;0;1;1;0;2;0;0;2;0;50;500;100;200;10;15;1;0
0.5x;random;European_18_40;100-b;DCB;0;1;1;0;2;0;0;2;1;50;500;100;200;10;15;1;0
0.5x;random;European_18_40;100-b;DCB;22;1;1;0;2;0;0;2;0;50;500;100;200;10;15;0;0
0.5x;random;European_18_40;100-b;DCB;22;1;1;0;2;0;0;2;1;50;500;100;200;10;15;0;0
0.5x;random;European_18_40;100-b;DCB;22;1;1;0;2;0;0;2;0;50;500;100;200;10;15;1;0
0.5x;random;European_18_40;100-b;DCB;22;1;1;0;2;0;0;2;1;50;500;100;200;10;15;1;0
0.5x;random;European_18_40;90-b;LLB;0;1;1;0;2;0;0;2;0;50;500;100;200;10;15;0;0
0.5x;random;European_18_40;90-b;LLB;0;1;1;0;2;0;0;2;1;50;500;100;200;10;15;0;0
0.5x;random;European_18_40;90-b;LLB;0;1;1;0;2;0;0;2;0;50;500;100;200;10;15;1;0
0.5x;random;European_18_40;90-b;LLB;0;1;1;0;2;0;0;2;1;50;500;100;200;10;15;1;0
0.5x;random;European_18_40;90-b;LLB;22;1;1;0;2;0;0;2;0;50;500;100;200;10;15;0;0
0.5x;random;European_18_40;90-b;LLB;22;1;1;0;2;0;0;2;1;50;500;100;200;10;15;0;0
0.5x;random;European_18_40;90-b;LLB;22;1;1;0;2;0;0;2;0;50;500;100;200;10;15;1;0
0.5x;random;European_18_40;90-b;LLB;22;1;1;0;2;0;0;2;1;50;500;100;200;10;15;1;0
0.5x;random;European_18_40;90-b;DCB;0;1;1;0;2;0;0;2;0;50;500;100;200;10;15;0;0
0.5x;random;European_18_40;90-b;DCB;0;1;1;0;2;0;0;2;1;50;500;100;200;10;15;0;0
0.5x;random;European_18_40;90-b;DCB;0;1;1;0;2;0;0;2;0;50;500;100;200;10;15;1;0
0.5x;random;European_18_40;90-b;DCB;0;1;1;0;2;0;0;2;1;50;500;100;200;10;15;1;0
0.5x;random;European_18_40;90-b;DCB;22;1;1;0;2;0;0;2;0;50;500;100;200;10;15;0;0
0.5x;random;European_18_40;90-b;DCB;22;1;1;0;2;0;0;2;1;50;500;100;200;10;15;0;0
0.5x;random;European_18_40;90-b;DCB;22;1;1;0;2;0;0;2;0;50;500;100;200;10;15;1;0
0.5x;random;European_18_40;90-b;DCB;22;1;1;0;2;0;0;2;1;50;500;100;200;10;15;1;0
0.5x;random;European_18_40;40;LLB;0;1;1;0;2;0;0;2;0;50;500;100;200;10;15;0;0
0.5x;random;European_18_40;40;LLB;0;1;1;0;2;0;0;2;1;50;500;100;200;10;15;0;0
0.5x;random;European_18_40;40;LLB;0;1;1;0;2;0;0;2;0;50;500;100;200;10;15;1;0
0.5x;random;European_18_40;40;LLB;0;1;1;0;2;0;0;2;1;50;500;100;200;10;15;1;0
0.5x;random;European_18_40;40;LLB;22;1;1;0;2;0;0;2;0;50;500;100;200;10;15;0;0
0.5x;random;European_18_40;40;LLB;22;1;1;0;2;0;0;2;1;50;500;100;200;10;15;0;0
0.5x;random;European_18_40;40;LLB;22;1;1;0;2;0;0;2;0;50;500;100;200;10;15;1;0
0.5x;random;European_18_40;40;LLB;22;1;1;0;2;0;0;2;1;50;500;100;200;10;15;1;0
0.5x;random;European_18_40;40;DCB;0;1;1;0;2;0;0;2;0;50;500;100;200;10;15;0;0
0.5x;random;European_18_40;40;DCB;0;1;1;0;2;0;0;2;1;50;500;100;200;10;15;0;0
0.5x;random;European_18_40;40;DCB;0;1;1;0;2;0;0;2;0;50;500;100;200;10;15;1;0
0.5x;random;European_18_40;40;DCB;0;1;1;0;2;0;0;2;1;50;500;100;200;10;15;1;0
0.5x;random;European_18_40;40;DCB;22;1;1;0;2;0;0;2;0;50;500;100;200;10;15;0;0
0.5x;random;European_18_40;40;DCB;22;1;1;0;2;0;0;2;1;50;500;100;200;10;15;0;0
0.5x;random;European_18_40;40;DCB;22;1;1;0;2;0;0;2;0;50;500;100;200;10;15;1;0
0.5x;random;European_18_40;40;DCB;22;1;1;0;2;0;0;2;1;50;500;100;200;10;15;1;0
0.5x;random;European_18_40;80;LLB;0;1;1;0;2;0;0;2;0;50;500;100;200;10;15;0;0
0.5x;random;European_18_40;80;LLB;0;1;1;0;2;0;0;2;1;50;500;100;200;10;15;0;0
0.5x;random;European_18_40;80;LLB;0;1;1;0;2;0;0;2;0;50;500;100;200;10;15;1;0
0.5x;random;European_18_40;80;LLB;0;1;1;0;2;0;0;2;1;50;500;100;200;10;15;1;0
0.5x;random;European_18_40;80;LLB;22;1;1;0;2;0;0;2;0;50;500;100;200;10;15;0;0
0.5x;random;European_18_40;80;LLB;22;1;1;0;2;0;0;2;1;50;500;100;200;10;15;0;0
0.5x;random;European_18_40;80;LLB;22;1;1;0;2;0;0;2;0;50;500;100;200;10;15;1;0
0.5x;random;European_18_40;80;LLB;22;1;1;0;2;0;0;2;1;50;500;100;200;10;15;1;0
0.5x;random;European_18_40;80;DCB;0;1;1;0;2;0;0;2;0;50;500;100;200;10;15;0;0
0.5x;random;European_18_40;80;DCB;0;1;1;0;2;0;0;2;1;50;500;100;200;10;15;0;0
0.5x;random;European_18_40;80;DCB;0;1;1;0;2;0;0;2;0;50;500;100;200;10;15;1;0
0.5x;random;European_18_40;80;DCB;0;1;1;0;2;0;0;2;1;50;500;100;200;10;15;1;0
0.5x;random;European_18_40;80;DCB;22;1;1;0;2;0;0;2;0;50;500;100;200;10;15;0;0
0.5x;random;European_18_40;80;DCB;22;1;1;0;2;0;0;2;1;50;500;100;200;10;15;0;0
0.5x;random;European_18_40;80;DCB;22;1;1;0;2;0;0;2;0;50;500;100;200;10;15;1;0
0.5x;random;European_18_40;80;DCB;22;1;1;0;2;0;0;2;1;50;500;100;200;10;15;1;0
0.5x;random;European_18_40;70;LLB;0;1;1;0;2;0;0;2;0;50;500;100;200;10;15;0;0
0.5x;random;European_18_40;70;LLB;0;1;1;0;2;0;0;2;1;50;500;100;200;10;15;0;0
0.5x;random;European_18_40;70;LLB;0;1;1;0;2;0;0;2;0;50;500;100;200;10;15;1;0
0.5x;random;European_18_40;70;LLB;0;1;1;0;2;0;0;2;1;50;500;100;200;10;15;1;0
0.5x;random;European_18_40;70;LLB;22;1;1;0;2;0;0;2;0;50;500;100;200;10;15;0;0
0.5x;random;European_18_40;70;LLB;22;1;1;0;2;0;0;2;1;50;500;100;200;10;15;0;0
0.5x;random;European_18_40;70;LLB;22;1;1;0;2;0;0;2;0;50;500;100;200;10;15;1;0
0.5x;random;European_18_40;70;LLB;22;1;1;0;2;0;0;2;1;50;500;100;200;10;15;1;0
0.5x;random;European_18_40;70;DCB;0;1;1;0;2;0;0;2;0;50;500;100;200;10;15;0;0
0.5x;random;European_18_40;70;DCB;0;1;1;0;2;0;0;2;1;50;500;100;200;10;15;0;0
0.5x;random;European_18_40;70;DCB;0;1;1;0;2;0;0;2;0;50;500;100;200;10;15;1;0
0.5x;random;European_18_40;70;DCB;0;1;1;0;2;0;0;2;1;50;500;100;200;10;15;1;0
0.5x;random;European_18_40;70;DCB;22;1;1;0;2;0;0;2;0;50;500;100;200;10;15;0;0
0.5x;random;European_18_40;70;DCB;22;1;1;0;2;0;0;2;1;50;500;100;200;10;15;0;0
0.5x;random;European_18_40;70;DCB;22;1;1;0;2;0;0;2;0;50;500;100;200;10;15;1;0
0.5x;random;European_18_40;70;DCB;22;1;1;0;2;0;0;2;1;50;500;100;200;10;15;1;0
0.5x;random;European_18_40;40-b;LLB;0;1;1;0;2;0;0;2;0;50;500;100;200;10;15;0;0
0.5x;random;European_18_40;40-b;LLB;0;1;1;0;2;0;0;2;1;50;500;100;200;10;15;0;0
0.5x;random;European_18_40;40-b;LLB;0;1;1;0;2;0;0;2;0;50;500;100;200;10;15;1;0
0.5x;random;European_18_40;40-b;LLB;0;1;1;0;2;0;0;2;1;50;500;100;200;10;15;1;0
0.5x;random;European_18_40;40-b;LLB;22;1;1;0;2;0;0;2;0;50;500;100;200;10;15;0;0
0.5x;random;European_18_40;40-b;LLB;22;1;1;0;2;0;0;2;1;50;500;100;200;10;15;0;0
0.5x;random;European_18_40;40-b;LLB;22;1;1;0;2;0;0;2;0;50;500;100;200;10;15;1;0
0.5x;random;European_18_40;40-b;LLB;22;1;1;0;2;0;0;2;1;50;500;100;200;10;15;1;0
0.5x;random;European_18_40;40-b;DCB;0;1;1;0;2;0;0;2;0;50;500;100;200;10;15;0;0
0.5x;random;European_18_40;40-b;DCB;0;1;1;0;2;0;0;2;1;50;500;100;200;10;15;0;0
0.5x;random;European_18_40;40-b;DCB;0;1;1;0;2;0;0;2;0;50;500;100;200;10;15;1;0
0.5x;random;European_18_40;40-b;DCB;0;1;1;0;2;0;0;2;1;50;500;100;200;10;15;1;0
0.5x;random;European_18_40;40-b;DCB;22;1;1;0;2;0;0;2;0;50;500;100;200;10;15;0;0
0.5x;random;European_18_40;40-b;DCB;22;1;1;0;2;0;0;2;1;50;500;100;200;10;15;0;0
0.5x;random;European_18_40;40-b;DCB;22;1;1;0;2;0;0;2;0;50;500;100;200;10;15;1;0
0.5x;random;European_18_40;40-b;DCB;22;1;1;0;2;0;0;2;1;50;500;100;200;10;15;1;0
0.5x;random;European_18_40;20;LLB;0;1;1;0;2;0;0;2;0;50;500;100;200;10;15;0;0
0.5x;random;European_18_40;20;LLB;0;1;1;0;2;0;0;2;1;50;500;100;200;10;15;0;0
0.5x;random;European_18_40;20;LLB;0;1;1;0;2;0;0;2;0;50;500;100;200;10;15;1;0
0.5x;random;European_18_40;20;LLB;0;1;1;0;2;0;0;2;1;50;500;100;200;10;15;1;0
0.5x;random;European_18_40;20;LLB;22;1;1;0;2;0;0;2;0;50;500;100;200;10;15;0;0
0.5x;random;European_18_40;20;LLB;22;1;1;0;2;0;0;2;1;50;500;100;200;10;15;0;0
0.5x;random;European_18_40;20;LLB;22;1;1;0;2;0;0;2;0;50;500;100;200;10;15;1;0
0.5x;random;European_18_40;20;LLB;22;1;1;0;2;0;0;2;1;50;500;100;200;10;15;1;0
0.5x;random;European_18_40;20;DCB;0;1;1;0;2;0;0;2;0;50;500;100;200;10;15;0;0
0.5x;random;European_18_40;20;DCB;0;1;1;0;2;0;0;2;1;50;500;100;200;10;15;0;0
0.5x;random;European_18_40;20;DCB;0;1;1;0;2;0;0;2;0;50;500;100;200;10;15;1;0
0.5x;random;European_18_40;20;DCB;0;1;1;0;2;0;0;2;1;50;500;100;200;10;15;1;0
0.5x;random;European_18_40;20;DCB;22;1;1;0;2;0;0;2;0;50;500;100;200;10;15;0;0
0.5x;random;European_18_40;20;DCB;22;1;1;0;2;0;0;2;1;50;500;100;200;10;15;0;0
0.5x;random;European_18_40;20;DCB;22;1;1;0;2;0;0;2;0;50;500;100;200;10;15;1;0
0.5x;random;European_18_40;20;DCB;22;1;1;0;2;0;0;2;1;50;500;100;200;10;15;1;0
0.5x;random;European_18_40;90;LLB;0;1;1;0;2;0;0;2;0;50;500;100;200;10;15;0;0
0.5x;random;European_18_40;90;LLB;0;1;1;0;2;0;0;2;1;50;500;100;200;10;15;0;0
0.5x;random;European_18_40;90;LLB;0;1;1;0;2;0;0;2;0;50;500;100;200;10;15;1;0
0.5x;random;European_18_40;90;LLB;0;1;1;0;2;0;0;2;1;50;500;100;200;10;15;1;0
0.5x;random;European_18_40;90;LLB;22;1;1;0;2;0;0;2;0;50;500;100;200;10;15;0;0
0.5x;random;European_18_40;90;LLB;22;1;1;0;2;0;0;2;1;50;500;100;200;10;15;0;0
0.5x;random;European_18_40;90;LLB;22;1;1;0;2;0;0;2;0;50;500;100;200;10;15;1;0
0.5x;random;European_18_40;90;LLB;22;1;1;0;2;0;0;2;1;50;500;100;200;10;15;1;0
0.5x;random;European_18_40;90;DCB;0;1;1;0;2;0;0;2;0;50;500;100;200;10;15;0;0
0.5x;random;European_18_40;90;DCB;0;1;1;0;2;0;0;2;1;50;500;100;200;10;15;0;0
0.5x;random;European_18_40;90;DCB;0;1;1;0;2;0;0;2;0;50;500;100;200;10;15;1;0
0.5x;random;European_18_40;90;DCB;0;1;1;0;2;0;0;2;1;50;500;100;200;10;15;1;0
0.5x;random;European_18_40;90;DCB;22;1;1;0;2;0;0;2;0;50;500;100;200;10;15;0;0
0.5x;random;European_18_40;90;DCB;22;1;1;0;2;0;0;2;1;50;500;100;200;10;15;0;0
0.5x;random;European_18_40;90;DCB;22;1;1;0;2;0;0;2;0;50;500;100;200;10;15;1;0
0.5x;random;European_18_40;90;DCB;22;1;1;0;2;0;0;2;1;50;500;100;200;10;15;1;0
0.5x;random;European_18_40;30-b;LLB;0;1;1;0;2;0;0;2;0;50;500;100;200;10;15;0;0
0.5x;random;European_18_40;30-b;LLB;0;1;1;0;2;0;0;2;1;50;500;100;200;10;15;0;0
0.5x;random;European_18_40;30-b;LLB;0;1;1;0;2;0;0;2;0;50;500;100;200;10;15;1;0
0.5x;random;European_18_40;30-b;LLB;0;1;1;0;2;0;0;2;1;50;500;100;200;10;15;1;0
0.5x;random;European_18_40;30-b;LLB;22;1;1;0;2;0;0;2;0;50;500;100;200;10;15;0;0
0.5x;random;European_18_40;30-b;LLB;22;1;1;0;2;0;0;2;1;50;500;100;200;10;15;0;0
0.5x;random;European_18_40;30-b;LLB;22;1;1;0;2;0;0;2;0;50;500;100;200;10;15;1;0
0.5x;random;European_18_40;30-b;LLB;22;1;1;0;2;0;0;2;1;50;500;100;200;10;15;1;0
0.5x;random;European_18_40;30-b;DCB;0;1;1;0;2;0;0;2;0;50;500;100;200;10;15;0;0
0.5x;random;European_18_40;30-b;DCB;0;1;1;0;2;0;0;2;1;50;500;100;200;10;15;0;0
0.5x;random;European_18_40;30-b;DCB;0;1;1;0;2;0;0;2;0;50;500;100;200;10;15;1;0
0.5x;random;European_18_40;30-b;DCB;0;1;1;0;2;0;0;2;1;50;500;100;200;10;15;1;0
0.5x;random;European_18_40;30-b;DCB;22;1;1;0;2;0;0;2;0;50;500;100;200;10;15;0;0
0.5x;random;European_18_40;30-b;DCB;22;1;1;0;2;0;0;2;1;50;500;100;200;10;15;0;0
0.5x;random;European_18_40;30-b;DCB;22;1;1;0;2;0;0;2;0;50;500;100;200;10;15;1;0
0.5x;random;European_18_40;30-b;DCB;22;1;1;0;2;0;0;2;1;50;500;100;200;10;15;1;0
0.5x;random;European_18_40;50-b;LLB;0;1;1;0;2;0;0;2;0;50;500;100;200;10;15;0;0
0.5x;random;European_18_40;50-b;LLB;0;1;1;0;2;0;0;2;1;50;500;100;200;10;15;0;0
0.5x;random;European_18_40;50-b;LLB;0;1;1;0;2;0;0;2;0;50;500;100;200;10;15;1;0
0.5x;random;European_18_40;50-b;LLB;0;1;1;0;2;0;0;2;1;50;500;100;200;10;15;1;0
0.5x;random;European_18_40;50-b;LLB;22;1;1;0;2;0;0;2;0;50;500;100;200;10;15;0;0
0.5x;random;European_18_40;50-b;LLB;22;1;1;0;2;0;0;2;1;50;500;100;200;10;15;0;0
0.5x;random;European_18_40;50-b;LLB;22;1;1;0;2;0;0;2;0;50;500;100;200;10;15;1;0
0.5x;random;European_18_40;50-b;LLB;22;1;1;0;2;0;0;2;1;50;500;100;200;10;15;1;0
0.5x;random;European_18_40;50-b;DCB;0;1;1;0;2;0;0;2;0;50;500;100;200;10;15;0;0
0.5x;random;European_18_40;50-b;DCB;0;1;1;0;2;0;0;2;1;50;500;100;200;10;15;0;0
0.5x;random;European_18_40;50-b;DCB;0;1;1;0;2;0;0;2;0;50;500;100;200;10;15;1;0
0.5x;random;European_18_40;50-b;DCB;0;1;1;0;2;0;0;2;1;50;500;100;200;10;15;1;0
0.5x;random;European_18_40;50-b;DCB;22;1;1;0;2;0;0;2;0;50;500;100;200;10;15;0;0
0.5x;random;European_18_40;50-b;DCB;22;1;1;0;2;0;0;2;1;50;500;100;200;10;15;0;0
0.5x;random;European_18_40;50-b;DCB;22;1;1;0;2;0;0;2;0;50;500;100;200;10;15;1;0
0.5x;random;European_18_40;50-b;DCB;22;1;1;0;2;0;0;2;1;50;500;100;200;10;15;1;0
0.5x;random;European_18_40;70-b-b;LLB;0;1;1;0;2;0;0;2;0;50;500;100;200;10;15;0;0
0.5x;random;European_18_40;70-b-b;LLB;0;1;1;0;2;0;0;2;1;50;500;100;200;10;15;0;0
0.5x;random;European_18_40;70-b-b;LLB;0;1;1;0;2;0;0;2;0;50;500;100;200;10;15;1;0
0.5x;random;European_18_40;70-b-b;LLB;0;1;1;0;2;0;0;2;1;50;500;100;200;10;15;1;0
0.5x;random;European_18_40;70-b-b;LLB;22;1;1;0;2;0;0;2;0;50;500;100;200;10;15;0;0
0.5x;random;European_18_40;70-b-b;LLB;22;1;1;0;2;0;0;2;1;50;500;100;200;10;15;0;0
0.5x;random;European_18_40;70-b-b;LLB;22;1;1;0;2;0;0;2;0;50;500;100;200;10;15;1;0
0.5x;random;European_18_40;70-b-b;LLB;22;1;1;0;2;0;0;2;1;50;500;100;200;10;15;1;0
0.5x;random;European_18_40;70-b-b;DCB;0;1;1;0;2;0;0;2;0;50;500;100;200;10;15;0;0
0.5x;random;European_18_40;70-b-b;DCB;0;1;1;0;2;0;0;2;1;50;500;100;200;10;15;0;0
0.5x;random;European_18_40;70-b-b;DCB;0;1;1;0;2;0;0;2;0;50;500;100;200;10;15;1;0
0.5x;random;European_18_40;70-b-b;DCB;0;1;1;0;2;0;0;2;1;50;500;100;200;10;15;1;0
0.5x;random;European_18_40;70-b-b;DCB;22;1;1;0;2;0;0;2;0;50;500;100;200;10;15;0;0
0.5x;random;European_18_40;70-b-b;DCB;22;1;1;0;2;0;0;2;1;50;500;100;200;10;15;0;0
0.5x;random;European_18_40;70-b-b;DCB;22;1;1;0;2;0;0;2;0;50;500;100;200;10;15;1;0
0.5x;random;European_18_40;70-b-b;DCB;22;1;1;0;2;0;0;2;1;50;500;100;200;10;15;1;0
0.5x;random;European_18_40;20-b;LLB;0;1;1;0;2;0;0;2;0;50;500;100;200;10;15;0;0
0.5x;random;European_18_40;20-b;LLB;0;1;1;0;2;0;0;2;1;50;500;100;200;10;15;0;0
0.5x;random;European_18_40;20-b;LLB;0;1;1;0;2;0;0;2;0;50;500;100;200;10;15;1;0
0.5x;random;European_18_40;20-b;LLB;0;1;1;0;2;0;0;2;1;50;500;100;200;10;15;1;0
0.5x;random;European_18_40;20-b;LLB;22;1;1;0;2;0;0;2;0;50;500;100;200;10;15;0;0
0.5x;random;European_18_40;20-b;LLB;22;1;1;0;2;0;0;2;1;50;500;100;200;10;15;0;0
0.5x;random;European_18_40;20-b;LLB;22;1;1;0;2;0;0;2;0;50;500;100;200;10;15;1;0
0.5x;random;European_18_40;20-b;LLB;22;1;1;0;2;0;0;2;1;50;500;100;200;10;15;1;0
0.5x;random;European_18_40;20-b;DCB;0;1;1;0;2;0;0;2;0;50;500;100;200;10;15;0;0
0.5x;random;European_18_40;20-b;DCB;0;1;1;0;2;0;0;2;1;50;500;100;200;10;15;0;0
0.5x;random;European_18_40;20-b;DCB;0;1;1;0;2;0;0;2;0;50;500;100;200;10;15;1;0
0.5x;random;European_18_40;20-b;DCB;0;1;1;0;2;0;0;2;1;50;500;100;200;10;15;1;0
0.5x;random;European_18_40;20-b;DCB;22;1;1;0;2;0;0;2;0;50;500;100;200;10;15;0;0
0.5x;random;European_18_40;20-b;DCB;22;1;1;0;2;0;0;2;1;50;500;100;200;10;15;0;0
0.5x;random;European_18_40;20-b;DCB;22;1;1;0;2;0;0;2;0;50;500;100;200;10;15;1;0
0.5x;random;European_18_40;20-b;DCB;22;1;1;0;2;0;0;2;1;50;500;100;200;10;15;1;0
0.5x;random;European_18_40;60-b;LLB;0;1;1;0;2;0;0;2;0;50;500;100;200;10;15;0;0
0.5x;random;European_18_40;60-b;LLB;0;1;1;0;2;0;0;2;1;50;500;100;200;10;15;0;0
0.5x;random;European_18_40;60-b;LLB;0;1;1;0;2;0;0;2;0;50;500;100;200;10;15;1;0
0.5x;random;European_18_40;60-b;LLB;0;1;1;0;2;0;0;2;1;50;500;100;200;10;15;1;0
0.5x;random;European_18_40;60-b;LLB;22;1;1;0;2;0;0;2;0;50;500;100;200;10;15;0;0
0.5x;random;European_18_40;60-b;LLB;22;1;1;0;2;0;0;2;1;50;500;100;200;10;15;0;0
0.5x;random;European_18_40;60-b;LLB;22;1;1;0;2;0;0;2;0;50;500;100;200;10;15;1;0
0.5x;random;European_18_40;60-b;LLB;22;1;1;0;2;0;0;2;1;50;500;100;200;10;15;1;0
0.5x;random;European_18_40;60-b;DCB;0;1;1;0;2;0;0;2;0;50;500;100;200;10;15;0;0
0.5x;random;European_18_40;60-b;DCB;0;1;1;0;2;0;0;2;1;50;500;100;200;10;15;0;0
0.5x;random;European_18_40;60-b;DCB;0;1;1;0;2;0;0;2;0;50;500;100;200;10;15;1;0
0.5x;random;European_18_40;60-b;DCB;0;1;1;0;2;0;0;2;1;50;500;100;200;10;15;1;0
0.5x;random;European_18_40;60-b;DCB;22;1;1;0;2;0;0;2;0;50;500;100;200;10;15;0;0
0.5x;random;European_18_40;60-b;DCB;22;1;1;0;2;0;0;2;1;50;500;100;200;10;15;0;0
0.5x;random;European_18_40;60-b;DCB;22;1;1;0;2;0;0;2;0;50;500;100;200;10;15;1;0
0.5x;random;European_18_40;60-b;DCB;22;1;1;0;2;0;0;2;1;50;500;100;200;10;15;1;0
0.5x;random;European_18_40;30;LLB;0;1;1;0;2;0;0;2;0;50;500;100;200;10;15;0;0
0.5x;random;European_18_40;30;LLB;0;1;1;0;2;0;0;2;1;50;500;100;200;10;15;0;0
0.5x;random;European_18_40;30;LLB;0;1;1;0;2;0;0;2;0;50;500;100;200;10;15;1;0
0.5x;random;European_18_40;30;LLB;0;1;1;0;2;0;0;2;1;50;500;100;200;10;15;1;0
0.5x;random;European_18_40;30;LLB;22;1;1;0;2;0;0;2;0;50;500;100;200;10;15;0;0
0.5x;random;European_18_40;30;LLB;22;1;1;0;2;0;0;2;1;50;500;100;200;10;15;0;0
0.5x;random;European_18_40;30;LLB;22;1;1;0;2;0;0;2;0;50;500;100;200;10;15;1;0
0.5x;random;European_18_40;30;LLB;22;1;1;0;2;0;0;2;1;50;500;100;200;10;15;1;0
0.5x;random;European_18_40;30;DCB;0;1;1;0;2;0;0;2;0;50;500;100;200;10;15;0;0
0.5x;random;European_18_40;30;DCB;0;1;1;0;2;0;0;2;1;50;500;100;200;10;15;0;0
0.5x;random;European_18_40;30;DCB;0;1;1;0;2;0;0;2;0;50;500;100;200;10;15;1;0
0.5x;random;European_18_40;30;DCB;0;1;1;0;2;0;0;2;1;50;500;100;200;10;15;1;0
0.5x;random;European_18_40;30;DCB;22;1;1;0;2;0;0;2;0;50;500;100;200;10;15;0;0
0.5x;random;European_18_40;30;DCB;22;1;1;0;2;0;0;2;1;50;500;100;200;10;15;0;0
0.5x;random;European_18_40;30;DCB;22;1;1;0;2;0;0;2;0;50;500;100;200;10;15;1;0
0.5x;random;European_18_40;30;DCB;22;1;1;0;2;0;0;2;1;50;500;100;200;10;15;1;0
0.5x;random;European_18_40;50;LLB;0;1;1;0;2;0;0;2;0;50;500;100;200;10;15;0;0
0.5x;random;European_18_40;50;LLB;0;1;1;0;2;0;0;2;1;50;500;100;200;10;15;0;0
0.5x;random;European_18_40;50;LLB;0;1;1;0;2;0;0;2;0;50;500;100;200;10;15;1;0
0.5x;random;European_18_40;50;LLB;0;1;1;0;2;0;0;2;1;50;500;100;200;10;15;1;0
0.5x;random;European_18_40;50;LLB;22;1;1;0;2;0;0;2;0;50;500;100;200;10;15;0;0
0.5x;random;European_18_40;50;LLB;22;1;1;0;2;0;0;2;1;50;500;100;200;10;15;0;0
0.5x;random;European_18_40;50;LLB;22;1;1;0;2;0;0;2;0;50;500;100;200;10;15;1;0
0.5x;random;European_18_40;50;LLB;22;1;1;0;2;0;0;2;1;50;500;100;200;10;15;1;0
0.5x;random;European_18_40;50;DCB;0;1;1;0;2;0;0;2;0;50;500;100;200;10;15;0;0
0.5x;random;European_18_40;50;DCB;0;1;1;0;2;0;0;2;1;50;500;100;200;10;15;0;0
0.5x;random;European_18_40;50;DCB;0;1;1;0;2;0;0;2;0;50;500;100;200;10;15;1;0
0.5x;random;European_18_40;50;DCB;0;1;1;0;2;0;0;2;1;50;500;100;200;10;15;1;0
0.5x;random;European_18_40;50;DCB;22;1;1;0;2;0;0;2;0;50;500;100;200;10;15;0;0
0.5x;random;European_18_40;50;DCB;22;1;1;0;2;0;0;2;1;50;500;100;200;10;15;0;0
0.5x;random;European_18_40;50;DCB;22;1;1;0;2;0;0;2;0;50;500;100;200;10;15;1;0
0.5x;random;European_18_40;50;DCB;22;1;1;0;2;0;0;2;1;50;500;100;200;10;15;1;0
0.5x;random;European_18_40;60-b-b;LLB;0;1;1;0;2;0;0;2;0;50;500;100;200;10;15;0;0
0.5x;random;European_18_40;60-b-b;LLB;0;1;1;0;2;0;0;2;1;50;500;100;200;10;15;0;0
0.5x;random;European_18_40;60-b-b;LLB;0;1;1;0;2;0;0;2;0;50;500;100;200;10;15;1;0
0.5x;random;European_18_40;60-b-b;LLB;0;1;1;0;2;0;0;2;1;50;500;100;200;10;15;1;0
0.5x;random;European_18_40;60-b-b;LLB;22;1;1;0;2;0;0;2;0;50;500;100;200;10;15;0;0
0.5x;random;European_18_40;60-b-b;LLB;22;1;1;0;2;0;0;2;1;50;500;100;200;10;15;0;0
0.5x;random;European_18_40;60-b-b;LLB;22;1;1;0;2;0;0;2;0;50;500;100;200;10;15;1;0
0.5x;random;European_18_40;60-b-b;LLB;22;1;1;0;2;0;0;2;1;50;500;100;200;10;15;1;0
0.5x;random;European_18_40;60-b-b;DCB;0;1;1;0;2;0;0;2;0;50;500;100;200;10;15;0;0
0.5x;random;European_18_40;60-b-b;DCB;0;1;1;0;2;0;0;2;1;50;500;100;200;10;15;0;0
0.5x;random;European_18_40;60-b-b;DCB;0;1;1;0;2;0;0;2;0;50;500;100;200;10;15;1;0
0.5x;random;European_18_40;60-b-b;DCB;0;1;1;0;2;0;0;2;1;50;500;100;200;10;15;1;0
0.5x;random;European_18_40;60-b-b;DCB;22;1;1;0;2;0;0;2;0;50;500;100;200;10;15;0;0
0.5x;random;European_18_40;60-b-b;DCB;22;1;1;0;2;0;0;2;1;50;500;100;200;10;15;0;0
0.5x;random;European_18_40;60-b-b;DCB;22;1;1;0;2;0;0;2;0;50;500;100;200;10;15;1;0
0.5x;random;European_18_40;60-b-b;DCB;22;1;1;0;2;0;0;2;1;50;500;100;200;10;15;1;0
0.5x;random;European_18_40;100-b-b;LLB;0;1;1;0;2;0;0;2;0;50;500;100;200;10;15;0;0
0.5x;random;European_18_40;100-b-b;LLB;0;1;1;0;2;0;0;2;1;50;500;100;200;10;15;0;0
0.5x;random;European_18_40;100-b-b;LLB;0;1;1;0;2;0;0;2;0;50;500;100;200;10;15;1;0
0.5x;random;European_18_40;100-b-b;LLB;0;1;1;0;2;0;0;2;1;50;500;100;200;10;15;1;0
0.5x;random;European_18_40;100-b-b;LLB;22;1;1;0;2;0;0;2;0;50;500;100;200;10;15;0;0
0.5x;random;European_18_40;100-b-b;LLB;22;1;1;0;2;0;0;2;1;50;500;100;200;10;15;0;0
0.5x;random;European_18_40;100-b-b;LLB;22;1;1;0;2;0;0;2;0;50;500;100;200;10;15;1;0
0.5x;random;European_18_40;100-b-b;LLB;22;1;1;0;2;0;0;2;1;50;500;100;200;10;15;1;0
0.5x;random;European_18_40;100-b-b;DCB;0;1;1;0;2;0;0;2;0;50;500;100;200;10;15;0;0
0.5x;random;European_18_40;100-b-b;DCB;0;1;1;0;2;0;0;2;1;50;500;100;200;10;15;0;0
0.5x;random;European_18_40;100-b-b;DCB;0;1;1;0;2;0;0;2;0;50;500;100;200;10;15;1;0
0.5x;random;European_18_40;100-b-b;DCB;0;1;1;0;2;0;0;2;1;50;500;100;200;10;15;1;0
0.5x;random;European_18_40;100-b-b;DCB;22;1;1;0;2;0;0;2;0;50;500;100;200;10;15;0;0
0.5x;random;European_18_40;100-b-b;DCB;22;1;1;0;2;0;0;2;1;50;500;100;200;10;15;0;0
0.5x;random;European_18_40;100-b-b;DCB;22;1;1;0;2;0;0;2;0;50;500;100;200;10;15;1;0
0.5x;random;European_18_40;100-b-b;DCB;22;1;1;0;2;0;0;2;1;50;500;100;200;10;15;1;0
0.5x;random;European_18_40;30-b-b;LLB;0;1;1;0;2;0;0;2;0;50;500;100;200;10;15;0;0
0.5x;random;European_18_40;30-b-b;LLB;0;1;1;0;2;0;0;2;1;50;500;100;200;10;15;0;0
0.5x;random;European_18_40;30-b-b;LLB;0;1;1;0;2;0;0;2;0;50;500;100;200;10;15;1;0
0.5x;random;European_18_40;30-b-b;LLB;0;1;1;0;2;0;0;2;1;50;500;100;200;10;15;1;0
0.5x;random;European_18_40;30-b-b;LLB;22;1;1;0;2;0;0;2;0;50;500;100;200;10;15;0;0
0.5x;random;European_18_40;30-b-b;LLB;22;1;1;0;2;0;0;2;1;50;500;100;200;10;15;0;0
0.5x;random;European_18_40;30-b-b;LLB;22;1;1;0;2;0;0;2;0;50;500;100;200;10;15;1;0
0.5x;random;European_18_40;30-b-b;LLB;22;1;1;0;2;0;0;2;1;50;500;100;200;10;15;1;0
0.5x;random;European_18_40;30-b-b;DCB;0;1;1;0;2;0;0;2;0;50;500;100;200;10;15;0;0
0.5x;random;European_18_40;30-b-b;DCB;0;1;1;0;2;0;0;2;1;50;500;100;200;10;15;0;0
0.5x;random;European_18_40;30-b-b;DCB;0;1;1;0;2;0;0;2;0;50;500;100;200;10;15;1;0
0.5x;random;European_18_40;30-b-b;DCB;0;1;1;0;2;0;0;2;1;50;500;100;200;10;15;1;0
0.5x;random;European_18_40;30-b-b;DCB;22;1;1;0;2;0;0;2;0;50;500;100;200;10;15;0;0
0.5x;random;European_18_40;30-b-b;DCB;22;1;1;0;2;0;0;2;1;50;500;100;200;10;15;0;0
0.5x;random;European_18_40;30-b-b;DCB;22;1;1;0;2;0;0;2;0;50;500;100;200;10;15;1;0
0.5x;random;European_18_40;30-b-b;DCB;22;1;1;0;2;0;0;2;1;50;500;100;200;10;15;1;0
0.5x;random;European_18_40;100;LLB;0;1;1;0;2;0;0;2;0;50;500;100;200;10;15;0;0
0.5x;random;European_18_40;100;LLB;0;1;1;0;2;0;0;2;1;50;500;100;200;10;15;0;0
0.5x;random;European_18_40;100;LLB;0;1;1;0;2;0;0;2;0;50;500;100;200;10;15;1;0
0.5x;random;European_18_40;100;LLB;0;1;1;0;2;0;0;2;1;50;500;100;200;10;15;1;0
0.5x;random;European_18_40;100;LLB;22;1;1;0;2;0;0;2;0;50;500;100;200;10;15;0;0
0.5x;random;European_18_40;100;LLB;22;1;1;0;2;0;0;2;1;50;500;100;200;10;15;0;0
0.5x;random;European_18_40;100;LLB;22;1;1;0;2;0;0;2;0;50;500;100;200;10;15;1;0
0.5x;random;European_18_40;100;LLB;22;1;1;0;2;0;0;2;1;50;500;100;200;10;15;1;0
0.5x;random;European_18_40;100;DCB;0;1;1;0;2;0;0;2;0;50;500;100;200;10;15;0;0
0.5x;random;European_18_40;100;DCB;0;1;1;0;2;0;0;2;1;50;500;100;200;10;15;0;0
0.5x;random;European_18_40;100;DCB;0;1;1;0;2;0;0;2;0;50;500;100;200;10;15;1;0
0.5x;random;European_18_40;100;DCB;0;1;1;0;2;0;0;2;1;50;500;100;200;10;15;1;0
0.5x;random;European_18_40;100;DCB;22;1;1;0;2;0;0;2;0;50;500;100;200;10;15;0;0
0.5x;random;European_18_40;100;DCB;22;1;1;0;2;0;0;2;1;50;500;100;200;10;15;0;0
0.5x;random;European_18_40;100;DCB;22;1;1;0;2;0;0;2;0;50;500;100;200;10;15;1;0
0.5x;random;European_18_40;100;DCB;22;1;1;0;2;0;0;2;1;50;500;100;200;10;15;1;0
0.5x;random;European_18_40;70-b;LLB;0;1;1;0;2;0;0;2;0;50;500;100;200;10;15;0;0
0.5x;random;European_18_40;70-b;LLB;0;1;1;0;2;0;0;2;1;50;500;100;200;10;15;0;0
0.5x;random;European_18_40;70-b;LLB;0;1;1;0;2;0;0;2;0;50;500;100;200;10;15;1;0
0.5x;random;European_18_40;70-b;LLB;0;1;1;0;2;0;0;2;1;50;500;100;200;10;15;1;0
0.5x;random;European_18_40;70-b;LLB;22;1;1;0;2;0;0;2;0;50;500;100;200;10;15;0;0
0.5x;random;European_18_40;70-b;LLB;22;1;1;0;2;0;0;2;1;50;500;100;200;10;15;0;0
0.5x;random;European_18_40;70-b;LLB;22;1;1;0;2;0;0;2;0;50;500;100;200;10;15;1;0
0.5x;random;European_18_40;70-b;LLB;22;1;1;0;2;0;0;2;1;50;500;100;200;10;15;1;0
0.5x;random;European_18_40;70-b;DCB;0;1;1;0;2;0;0;2;0;50;500;100;200;10;15;0;0
0.5x;random;European_18_40;70-b;DCB;0;1;1;0;2;0;0;2;1;50;500;100;200;10;15;0;0
0.5x;random;European_18_40;70-b;DCB;0;1;1;0;2;0;0;2;0;50;500;100;200;10;15;1;0
0.5x;random;European_18_40;70-b;DCB;0;1;1;0;2;0;0;2;1;50;500;100;200;10;15;1;0
0.5x;random;European_18_40;70-b;DCB;22;1;1;0;2;0;0;2;0;50;500;100;200;10;15;0;0
0.5x;random;European_18_40;70-b;DCB;22;1;1;0;2;0;0;2;1;50;500;100;200;10;15;0;0
0.5x;random;European_18_40;70-b;DCB;22;1;1;0;2;0;0;2;0;50;500;100;200;10;15;1;0
0.5x;random;European_18_40;70-b;DCB;22;1;1;0;2;0;0;2;1;50;500;100;200;10;15;1;0
0.5x;random;European_18_40;40-b-b;LLB;0;1;1;0;2;0;0;2;0;50;500;100;200;10;15;0;0
0.5x;random;European_18_40;40-b-b;LLB;0;1;1;0;2;0;0;2;1;50;500;100;200;10;15;0;0
0.5x;random;European_18_40;40-b-b;LLB;0;1;1;0;2;0;0;2;0;50;500;100;200;10;15;1;0
0.5x;random;European_18_40;40-b-b;LLB;0;1;1;0;2;0;0;2;1;50;500;100;200;10;15;1;0
0.5x;random;European_18_40;40-b-b;LLB;22;1;1;0;2;0;0;2;0;50;500;100;200;10;15;0;0
0.5x;random;European_18_40;40-b-b;LLB;22;1;1;0;2;0;0;2;1;50;500;100;200;10;15;0;0
0.5x;random;European_18_40;40-b-b;LLB;22;1;1;0;2;0;0;2;0;50;500;100;200;10;15;1;0
0.5x;random;European_18_40;40-b-b;LLB;22;1;1;0;2;0;0;2;1;50;500;100;200;10;15;1;0
0.5x;random;European_18_40;40-b-b;DCB;0;1;1;0;2;0;0;2;0;50;500;100;200;10;15;0;0
0.5x;random;European_18_40;40-b-b;DCB;0;1;1;0;2;0;0;2;1;50;500;100;200;10;15;0;0
0.5x;random;European_18_40;40-b-b;DCB;0;1;1;0;2;0;0;2;0;50;500;100;200;10;15;1;0
0.5x;random;European_18_40;40-b-b;DCB;0;1;1;0;2;0;0;2;1;50;500;100;200;10;15;1;0
0.5x;random;European_18_40;40-b-b;DCB;22;1;1;0;2;0;0;2;0;50;500;100;200;10;15;0;0
0.5x;random;European_18_40;40-b-b;DCB;22;1;1;0;2;0;0;2;1;50;500;100;200;10;15;0;0
0.5x;random;European_18_40;40-b-b;DCB;22;1;1;0;2;0;0;2;0;50;500;100;200;10;15;1;0
0.5x;random;European_18_40;40-b-b;DCB;22;1;1;0;2;0;0;2;1;50;500;100;200;10;15;1;0
0.5x;random;European_18_40;80-b;LLB;0;1;1;0;2;0;0;2;0;50;500;100;200;10;15;0;0
0.5x;random;European_18_40;80-b;LLB;0;1;1;0;2;0;0;2;1;50;500;100;200;10;15;0;0
0.5x;random;European_18_40;80-b;LLB;0;1;1;0;2;0;0;2;0;50;500;100;200;10;15;1;0
0.5x;random;European_18_40;80-b;LLB;0;1;1;0;2;0;0;2;1;50;500;100;200;10;15;1;0
0.5x;random;European_18_40;80-b;LLB;22;1;1;0;2;0;0;2;0;50;500;100;200;10;15;0;0
0.5x;random;European_18_40;80-b;LLB;22;1;1;0;2;0;0;2;1;50;500;100;200;10;15;0;0
0.5x;random;European_18_40;80-b;LLB;22;1;1;0;2;0;0;2;0;50;500;100;200;10;15;1;0
0.5x;random;European_18_40;80-b;LLB;22;1;1;0;2;0;0;2;1;50;500;100;200;10;15;1;0
0.5x;random;European_18_40;80-b;DCB;0;1;1;0;2;0;0;2;0;50;500;100;200;10;15;0;0
0.5x;random;European_18_40;80-b;DCB;0;1;1;0;2;0;0;2;1;50;500;100;200;10;15;0;0
0.5x;random;European_18_40;80-b;DCB;0;1;1;0;2;0;0;2;0;50;500;100;200;10;15;1;0
0.5x;random;European_18_40;80-b;DCB;0;1;1;0;2;0;0;2;1;50;500;100;200;10;15;1;0
0.5x;random;European_18_40;80-b;DCB;22;1;1;0;2;0;0;2;0;50;500;100;200;10;15;0;0
0.5x;random;European_18_40;80-b;DCB;22;1;1;0;2;0;0;2;1;50;500;100;200;10;15;0;0
0.5x;random;European_18_40;80-b;DCB;22;1;1;0;2;0;0;2;0;50;500;100;200;10;15;1;0
0.5x;random;European_18_40;80-b;DCB;22;1;1;0;2;0;0;2;1;50;500;100;200;10;15;1;0
0.8x;random;Nsfnet_14_21;80-b-b;LLB;0;1;1;0;2;0;0;2;0;50;500;100;200;10;15;0;0
0.8x;random;Nsfnet_14_21;80-b-b;LLB;0;1;1;0;2;0;0;2;1;50;500;100;200;10;15;0;0
0.8x;random;Nsfnet_14_21;80-b-b;LLB;0;1;1;0;2;0;0;2;0;50;500;100;200;10;15;1;0
0.8x;random;Nsfnet_14_21;80-b-b;LLB;0;1;1;0;2;0;0;2;1;50;500;100;200;10;15;1;0
0.8x;random;Nsfnet_14_21;80-b-b;LLB;22;1;1;0;2;0;0;2;0;50;500;100;200;10;15;0;0
0.8x;random;Nsfnet_14_21;80-b-b;LLB;22;1;1;0;2;0;0;2;1;50;500;100;200;10;15;0;0
0.8x;random;Nsfnet_14_21;80-b-b;LLB;22;1;1;0;2;0;0;2;0;50;500;100;200;10;15;1;0
0.8x;random;Nsfnet_14_21;80-b-b;LLB;22;1;1;0;2;0;0;2;1;50;500;100;200;10;15;1;0
0.8x;random;Nsfnet_14_21;80-b-b;DCB;0;1;1;0;2;0;0;2;0;50;500;100;200;10;15;0;0
0.8x;random;Nsfnet_14_21;80-b-b;DCB;0;1;1;0;2;0;0;2;1;50;500;100;200;10;15;0;0
0.8x;random;Nsfnet_14_21;80-b-b;DCB;0;1;1;0;2;0;0;2;0;50;500;100;200;10;15;1;0
0.8x;random;Nsfnet_14_21;80-b-b;DCB;0;1;1;0;2;0;0;2;1;50;500;100;200;10;15;1;0
0.8x;random;Nsfnet_14_21;80-b-b;DCB;22;1;1;0;2;0;0;2;0;50;500;100;200;10;15;0;0
0.8x;random;Nsfnet_14_21;80-b-b;DCB;22;1;1;0;2;0;0;2;1;50;500;100;200;10;15;0;0
0.8x;random;Nsfnet_14_21;80-b-b;DCB;22;1;1;0;2;0;0;2;0;50;500;100;200;10;15;1;0
0.8x;random;Nsfnet_14_21;80-b-b;DCB;22;1;1;0;2;0;0;2;1;50;500;100;200;10;15;1;0
0.8x;random;Nsfnet_14_21;90-b-b;LLB;0;1;1;0;2;0;0;2;0;50;500;100;200;10;15;0;0
0.8x;random;Nsfnet_14_21;90-b-b;LLB;0;1;1;0;2;0;0;2;1;50;500;100;200;10;15;0;0
0.8x;random;Nsfnet_14_21;90-b-b;LLB;0;1;1;0;2;0;0;2;0;50;500;100;200;10;15;1;0
0.8x;random;Nsfnet_14_21;90-b-b;LLB;0;1;1;0;2;0;0;2;1;50;500;100;200;10;15;1;0
0.8x;random;Nsfnet_14_21;90-b-b;LLB;22;1;1;0;2;0;0;2;0;50;500;100;200;10;15;0;0
0.8x;random;Nsfnet_14_21;90-b-b;LLB;22;1;1;0;2;0;0;2;1;50;500;100;200;10;15;0;0
0.8x;random;Nsfnet_14_21;90-b-b;LLB;22;1;1;0;2;0;0;2;0;50;500;100;200;10;15;1;0
0.8x;random;Nsfnet_14_21;90-b-b;LLB;22;1;1;0;2;0;0;2;1;50;500;100;200;10;15;1;0
0.8x;random;Nsfnet_14_21;90-b-b;DCB;0;1;1;0;2;0;0;2;0;50;500;100;200;10;15;0;0
0.8x;random;Nsfnet_14_21;90-b-b;DCB;0;1;1;0;2;0;0;2;1;50;500;100;200;10;15;0;0
0.8x;random;Nsfnet_14_21;90-b-b;DCB;0;1;1;0;2;0;0;2;0;50;500;100;200;10;15;1;0
0.8x;random;Nsfnet_14_21;90-b-b;DCB;0;1;1;0;2;0;0;2;1;50;500;100;200;10;15;1;0
0.8x;random;Nsfnet_14_21;90-b-b;DCB;22;1;1;0;2;0;0;2;0;50;500;100;200;10;15;0;0
0.8x;random;Nsfnet_14_21;90-b-b;DCB;22;1;1;0;2;0;0;2;1;50;500;100;200;10;15;0;0
0.8x;random;Nsfnet_14_21;90-b-b;DCB;22;1;1;0;2;0;0;2;0;50;500;100;200;10;15;1;0
0.8x;random;Nsfnet_14_21;90-b-b;DCB;22;1;1;0;2;0;0;2;1;50;500;100;200;10;15;1;0
0.8x;random;Nsfnet_14_21;60;LLB;0;1;1;0;2;0;0;2;0;50;500;100;200;10;15;0;0
0.8x;random;Nsfnet_14_21;60;LLB;0;1;1;0;2;0;0;2;1;50;500;100;200;10;15;0;0
0.8x;random;Nsfnet_14_21;60;LLB;0;1;1;0;2;0;0;2;0;50;500;100;200;10;15;1;0
0.8x;random;Nsfnet_14_21;60;LLB;0;1;1;0;2;0;0;2;1;50;500;100;200;10;15;1;0
0.8x;random;Nsfnet_14_21;60;LLB;22;1;1;0;2;0;0;2;0;50;500;100;200;10;15;0;0
0.8x;random;Nsfnet_14_21;60;LLB;22;1;1;0;2;0;0;2;1;50;500;100;200;10;15;0;0
0.8x;random;Nsfnet_14_21;60;LLB;22;1;1;0;2;0;0;2;0;50;500;100;200;10;15;1;0
0.8x;random;Nsfnet_14_21;60;LLB;22;1;1;0;2;0;0;2;1;50;500;100;200;10;15;1;0
0.8x;random;Nsfnet_14_21;60;DCB;0;1;1;0;2;0;0;2;0;50;500;100;200;10;15;0;0
0.8x;random;Nsfnet_14_21;60;DCB;0;1;1;0;2;0;0;2;1;50;500;100;200;10;15;0;0
0.8x;random;Nsfnet_14_21;60;DCB;0;1;1;0;2;0;0;2;0;50;500;100;200;10;15;1;0
0.8x;random;Nsfnet_14_21;60;DCB;0;1;1;0;2;0;0;2;1;50;500;100;200;10;15;1;0
0.8x;random;Nsfnet_14_21;60;DCB;22;1;1;0;2;0;0;2;0;50;500;100;200;10;15;0;0
0.8x;random;Nsfnet_14_21;60;DCB;22;1;1;0;2;0;0;2;1;50;500;100;200;10;15;0;0
0.8x;random;Nsfnet_14_21;60;DCB;22;1;1;0;2;0;0;2;0;50;500;100;200;10;15;1;0
0.8x;random;Nsfnet_14_21;60;DCB;22;1;1;0;2;0;0;2;1;50;500;100;200;10;15;1;0
0.8x;random;Nsfnet_14_21;20-b-b;LLB;0;1;1;0;2;0;0;2;0;50;500;100;200;10;15;0;0
0.8x;random;Nsfnet_14_21;20-b-b;LLB;0;1;1;0;2;0;0;2;1;50;500;100;200;10;15;0;0
0.8x;random;Nsfnet_14_21;20-b-b;LLB;0;1;1;0;2;0;0;2;0;50;500;100;200;10;15;1;0
0.8x;random;Nsfnet_14_21;20-b-b;LLB;0;1;1;0;2;0;0;2;1;50;500;100;200;10;15;1;0
0.8x;random;Nsfnet_14_21;20-b-b;LLB;22;1;1;0;2;0;0;2;0;50;500;100;200;10;15;0;0
0.8x;random;Nsfnet_14_21;20-b-b;LLB;22;1;1;0;2;0;0;2;1;50;500;100;200;10;15;0;0
0.8x;random;Nsfnet_14_21;20-b-b;LLB;22;1;1;0;2;0;0;2;0;50;500;100;200;10;15;1;0
0.8x;random;Nsfnet_14_21;20-b-b;LLB;22;1;1;0;2;0;0;2;1;50;500;100;200;10;15;1;0
0.8x;random;Nsfnet_14_21;20-b-b;DCB;0;1;1;0;2;0;0;2;0;50;500;100;200;10;15;0;0
0.8x;random;Nsfnet_14_21;20-b-b;DCB;0;1;1;0;2;0;0;2;1;50;500;100;200;10;15;0;0
0.8x;random;Nsfnet_14_21;20-b-b;DCB;0;1;1;0;2;0;0;2;0;50;500;100;200;10;15;1;0
0.8x;random;Nsfnet_14_21;20-b-b;DCB;0;1;1;0;2;0;0;2;1;50;500;100;200;10;15;1;0
0.8x;random;Nsfnet_14_21;20-b-b;DCB;22;1;1;0;2;0;0;2;0;50;500;100;200;10;15;0;0
0.8x;random;Nsfnet_14_21;20-b-b;DCB;22;1;1;0;2;0;0;2;1;50;500;100;200;10;15;0;0
0.8x;random;Nsfnet_14_21;20-b-b;DCB;22;1;1;0;2;0;0;2;0;50;500;100;200;10;15;1;0
0.8x;random;Nsfnet_14_21;20-b-b;DCB;22;1;1;0;2;0;0;2;1;50;500;100;200;10;15;1;0
0.8x;random;Nsfnet_14_21;50-b-b;LLB;0;1;1;0;2;0;0;2;0;50;500;100;200;10;15;0;0
0.8x;random;Nsfnet_14_21;50-b-b;LLB;0;1;1;0;2;0;0;2;1;50;500;100;200;10;15;0;0
0.8x;random;Nsfnet_14_21;50-b-b;LLB;0;1;1;0;2;0;0;2;0;50;500;100;200;10;15;1;0
0.8x;random;Nsfnet_14_21;50-b-b;LLB;0;1;1;0;2;0;0;2;1;50;500;100;200;10;15;1;0
0.8x;random;Nsfnet_14_21;50-b-b;LLB;22;1;1;0;2;0;0;2;0;50;500;100;200;10;15;0;0
0.8x;random;Nsfnet_14_21;50-b-b;LLB;22;1;1;0;2;0;0;2;1;50;500;100;200;10;15;0;0
0.8x;random;Nsfnet_14_21;50-b-b;LLB;22;1;1;0;2;0;0;2;0;50;500;100;200;10;15;1;0
0.8x;random;Nsfnet_14_21;50-b-b;LLB;22;1;1;0;2;0;0;2;1;50;500;100;200;10;15;1;0
0.8x;random;Nsfnet_14_21;50-b-b;DCB;0;1;1;0;2;0;0;2;0;50;500;100;200;10;15;0;0
0.8x;random;Nsfnet_14_21;50-b-b;DCB;0;1;1;0;2;0;0;2;1;50;500;100;200;10;15;0;0
0.8x;random;Nsfnet_14_21;50-b-b;DCB;0;1;1;0;2;0;0;2;0;50;500;100;200;10;15;1;0
0.8x;random;Nsfnet_14_21;50-b-b;DCB;0;1;1;0;2;0;0;2;1;50;500;100;200;10;15;1;0
0.8x;random;Nsfnet_14_21;50-b-b;DCB;22;1;1;0;2;0;0;2;0;50;500;100;200;10;15;0;0
0.8x;random;Nsfnet_14_21;50-b-b;DCB;22;1;1;0;2;0;0;2;1;50;500;100;200;10;15;0;0
0.8x;random;Nsfnet_14_21;50-b-b;DCB;22;1;1;0;2;0;0;2;0;50;500;100;200;10;15;1;0
0.8x;random;Nsfnet_14_21;50-b-b;DCB;22;1;1;0;2;0;0;2;1;50;500;100;200;10;15;1;0
0.8x;random;Nsfnet_14_21;100-b;LLB;0;1;1;0;2;0;0;2;0;50;500;100;200;10;15;0;0
0.8x;random;Nsfnet_14_21;100-b;LLB;0;1;1;0;2;0;0;2;1;50;500;100;200;10;15;0;0
0.8x;random;Nsfnet_14_21;100-b;LLB;0;1;1;0;2;0;0;2;0;50;500;100;200;10;15;1;0
0.8x;random;Nsfnet_14_21;100-b;LLB;0;1;1;0;2;0;0;2;1;50;500;100;200;10;15;1;0
0.8x;random;Nsfnet_14_21;100-b;LLB;22;1;1;0;2;0;0;2;0;50;500;100;200;10;15;0;0
0.8x;random;Nsfnet_14_21;100-b;LLB;22;1;1;0;2;0;0;2;1;50;500;100;200;10;15;0;0
0.8x;random;Nsfnet_14_21;100-b;LLB;22;1;1;0;2;0;0;2;0;50;500;100;200;10;15;1;0
0.8x;random;Nsfnet_14_21;100-b;LLB;22;1;1;0;2;0;0;2;1;50;500;100;200;10;15;1;0
0.8x;random;Nsfnet_14_21;100-b;DCB;0;1;1;0;2;0;0;2;0;50;500;100;200;10;15;0;0
0.8x;random;Nsfnet_14_21;100-b;DCB;0;1;1;0;2;0;0;2;1;50;500;100;200;10;15;0;0
0.8x;random;Nsfnet_14_21;100-b;DCB;0;1;1;0;2;0;0;2;0;50;500;100;200;10;15;1;0
0.8x;random;Nsfnet_14_21;100-b;DCB;0;1;1;0;2;0;0;2;1;50;500;100;200;10;15;1;0
0.8x;random;Nsfnet_14_21;100-b;DCB;22;1;1;0;2;0;0;2;0;50;500;100;200;10;15;0;0
0.8x;random;Nsfnet_14_21;100-b;DCB;22;1;1;0;2;0;0;2;1;50;500;100;200;10;15;0;0
0.8x;random;Nsfnet_14_21;100-b;DCB;22;1;1;0;2;0;0;2;0;50;500;100;200;10;15;1;0
0.8x;random;Nsfnet_14_21;100-b;DCB;22;1;1;0;2;0;0;2;1;50;500;100;200;10;15;1;0
0.8x;random;Nsfnet_14_21;90-b;LLB;0;1;1;0;2;0;0;2;0;50;500;100;200;10;15;0;0
0.8x;random;Nsfnet_14_21;90-b;LLB;0;1;1;0;2;0;0;2;1;50;500;100;200;10;15;0;0
0.8x;random;Nsfnet_14_21;90-b;LLB;0;1;1;0;2;0;0;2;0;50;500;100;200;10;15;1;0
0.8x;random;Nsfnet_14_21;90-b;LLB;0;1;1;0;2;0;0;2;1;50;500;100;200;10;15;1;0
0.8x;random;Nsfnet_14_21;90-b;LLB;22;1;1;0;2;0;0;2;0;50;500;100;200;10;15;0;0
0.8x;random;Nsfnet_14_21;90-b;LLB;22;1;1;0;2;0;0;2;1;50;500;100;200;10;15;0;0
0.8x;random;Nsfnet_14_21;90-b;LLB;22;1;1;0;2;0;0;2;0;50;500;100;200;10;15;1;0
0.8x;random;Nsfnet_14_21;90-b;LLB;22;1;1;0;2;0;0;2;1;50;500;100;200;10;15;1;0
0.8x;random;Nsfnet_14_21;90-b;DCB;0;1;1;0;2;0;0;2;0;50;500;100;200;10;15;0;0
0.8x;random;Nsfnet_14_21;90-b;DCB;0;1;1;0;2;0;0;2;1;50;500;100;200;10;15;0;0
0.8x;random;Nsfnet_14_21;90-b;DCB;0;1;1;0;2;0;0;2;0;50;500;100;200;10;15;1;0
0.8x;random;Nsfnet_14_21;90-b;DCB;0;1;1;0;2;0;0;2;1;50;500;100;200;10;15;1;0
0.8x;random;Nsfnet_14_21;90-b;DCB;22;1;1;0;2;0;0;2;0;50;500;100;200;10;15;0;0
0.8x;random;Nsfnet_14_21;90-b;DCB;22;1;1;0;2;0;0;2;1;50;500;100;200;10;15;0;0
0.8x;random;Nsfnet_14_21;90-b;DCB;22;1;1;0;2;0;0;2;0;50;500;100;200;10;15;1;0
0.8x;random;Nsfnet_14_21;90-b;DCB;22;1;1;0;2;0;0;2;1;50;500;100;200;10;15;1;0
0.8x;random;Nsfnet_14_21;40;LLB;0;1;1;0;2;0;0;2;0;50;500;100;200;10;15;0;0
0.8x;random;Nsfnet_14_21;40;LLB;0;1;1;0;2;0;0;2;1;50;500;100;200;10;15;0;0
0.8x;random;Nsfnet_14_21;40;LLB;0;1;1;0;2;0;0;2;0;50;500;100;200;10;15;1;0
0.8x;random;Nsfnet_14_21;40;LLB;0;1;1;0;2;0;0;2;1;50;500;100;200;10;15;1;0
0.8x;random;Nsfnet_14_21;40;LLB;22;1;1;0;2;0;0;2;0;50;500;100;200;10;15;0;0
0.8x;random;Nsfnet_14_21;40;LLB;22;1;1;0;2;0;0;2;1;50;500;100;200;10;15;0;0
0.8x;random;Nsfnet_14_21;40;LLB;22;1;1;0;2;0;0;2;0;50;500;100;200;10;15;1;0
0.8x;random;Nsfnet_14_21;40;LLB;22;1;1;0;2;0;0;2;1;50;500;100;200;10;15;1;0
0.8x;random;Nsfnet_14_21;40;DCB;0;1;1;0;2;0;0;2;0;50;500;100;200;10;15;0;0
0.8x;random;Nsfnet_14_21;40;DCB;0;1;1;0;2;0;0;2;1;50;500;100;200;10;15;0;0
0.8x;random;Nsfnet_14_21;40;DCB;0;1;1;0;2;0;0;2;0;50;500;100;200;10;15;1;0
0.8x;random;Nsfnet_14_21;40;DCB;0;1;1;0;2;0;0;2;1;50;500;100;200;10;15;1;0
0.8x;random;Nsfnet_14_21;40;DCB;22;1;1;0;2;0;0;2;0;50;500;100;200;10;15;0;0
0.8x;random;Nsfnet_14_21;40;DCB;22;1;1;0;2;0;0;2;1;50;500;100;200;10;15;0;0
0.8x;random;Nsfnet_14_21;40;DCB;22;1;1;0;2;0;0;2;0;50;500;100;200;10;15;1;0
0.8x;random;Nsfnet_14_21;40;DCB;22;1;1;0;2;0;0;2;1;50;500;100;200;10;15;1;0
0.8x;random;Nsfnet_14_21;80;LLB;0;1;1;0;2;0;0;2;0;50;500;100;200;10;15;0;0
0.8x;random;Nsfnet_14_21;80;LLB;0;1;1;0;2;0;0;2;1;50;500;100;200;10;15;0;0
0.8x;random;Nsfnet_14_21;80;LLB;0;1;1;0;2;0;0;2;0;50;500;100;200;10;15;1;0
0.8x;random;Nsfnet_14_21;80;LLB;0;1;1;0;2;0;0;2;1;50;500;100;200;10;15;1;0
0.8x;random;Nsfnet_14_21;80;LLB;22;1;1;0;2;0;0;2;0;50;500;100;200;10;15;0;0
0.8x;random;Nsfnet_14_21;80;LLB;22;1;1;0;2;0;0;2;1;50;500;100;200;10;15;0;0
0.8x;random;Nsfnet_14_21;80;LLB;22;1;1;0;2;0;0;2;0;50;500;100;200;10;15;1;0
0.8x;random;Nsfnet_14_21;80;LLB;22;1;1;0;2;0;0;2;1;50;500;100;200;10;15;1;0
0.8x;random;Nsfnet_14_21;80;DCB;0;1;1;0;2;0;0;2;0;50;500;100;200;10;15;0;0
0.8x;random;Nsfnet_14_21;80;DCB;0;1;1;0;2;0;0;2;1;50;500;100;200;10;15;0;0
0.8x;random;Nsfnet_14_21;80;DCB;0;1;1;0;2;0;0;2;0;50;500;100;200;10;15;1;0
0.8x;random;Nsfnet_14_21;80;DCB;0;1;1;0;2;0;0;2;1;50;500;100;200;10;15;1;0
0.8x;random;Nsfnet_14_21;80;DCB;22;1;1;0;2;0;0;2;0;50;500;100;200;10;15;0;0
0.8x;random;Nsfnet_14_21;80;DCB;22;1;1;0;2;0;0;2;1;50;500;100;200;10;15;0;0
0.8x;random;Nsfnet_14_21;80;DCB;22;1;1;0;2;0;0;2;0;50;500;100;200;10;15;1;0
0.8x;random;Nsfnet_14_21;80;DCB;22;1;1;0;2;0;0;2;1;50;500;100;200;10;15;1;0
0.8x;random;Nsfnet_14_21;70;LLB;0;1;1;0;2;0;0;2;0;50;500;100;200;10;15;0;0
0.8x;random;Nsfnet_14_21;70;LLB;0;1;1;0;2;0;0;2;1;50;500;100;200;10;15;0;0
0.8x;random;Nsfnet_14_21;70;LLB;0;1;1;0;2;0;0;2;0;50;500;100;200;10;15;1;0
0.8x;random;Nsfnet_14_21;70;LLB;0;1;1;0;2;0;0;2;1;50;500;100;200;10;15;1;0
0.8x;random;Nsfnet_14_21;70;LLB;22;1;1;0;2;0;0;2;0;50;500;100;200;10;15;0;0
0.8x;random;Nsfnet_14_21;70;LLB;22;1;1;0;2;0;0;2;1;50;500;100;200;10;15;0;0
0.8x;random;Nsfnet_14_21;70;LLB;22;1;1;0;2;0;0;2;0;50;500;100;200;10;15;1;0
0.8x;random;Nsfnet_14_21;70;LLB;22;1;1;0;2;0;0;2;1;50;500;100;200;10;15;1;0
0.8x;random;Nsfnet_14_21;70;DCB;0;1;1;0;2;0;0;2;0;50;500;100;200;10;15;0;0
0.8x;random;Nsfnet_14_21;70;DCB;0;1;1;0;2;0;0;2;1;50;500;100;200;10;15;0;0
0.8x;random;Nsfnet_14_21;70;DCB;0;1;1;0;2;0;0;2;0;50;500;100;200;10;15;1;0
0.8x;random;Nsfnet_14_21;70;DCB;0;1;1;0;2;0;0;2;1;50;500;100;200;10;15;1;0
0.8x;random;Nsfnet_14_21;70;DCB;22;1;1;0;2;0;0;2;0;50;500;100;200;10;15;0;0
0.8x;random;Nsfnet_14_21;70;DCB;22;1;1;0;2;0;0;2;1;50;500;100;200;10;15;0;0
0.8x;random;Nsfnet_14_21;70;DCB;22;1;1;0;2;0;0;2;0;50;500;100;200;10;15;1;0
0.8x;random;Nsfnet_14_21;70;DCB;22;1;1;0;2;0;0;2;1;50;500;100;200;10;15;1;0
0.8x;random;Nsfnet_14_21;40-b;LLB;0;1;1;0;2;0;0;2;0;50;500;100;200;10;15;0;0
0.8x;random;Nsfnet_14_21;40-b;LLB;0;1;1;0;2;0;0;2;1;50;500;100;200;10;15;0;0
0.8x;random;Nsfnet_14_21;40-b;LLB;0;1;1;0;2;0;0;2;0;50;500;100;200;10;15;1;0
0.8x;random;Nsfnet_14_21;40-b;LLB;0;1;1;0;2;0;0;2;1;50;500;100;200;10;15;1;0
0.8x;random;Nsfnet_14_21;40-b;LLB;22;1;1;0;2;0;0;2;0;50;500;100;200;10;15;0;0
0.8x;random;Nsfnet_14_21;40-b;LLB;22;1;1;0;2;0;0;2;1;50;500;100;200;10;15;0;0
0.8x;random;Nsfnet_14_21;40-b;LLB;22;1;1;0;2;0;0;2;0;50;500;100;200;10;15;1;0
0.8x;random;Nsfnet_14_21;40-b;LLB;22;1;1;0;2;0;0;2;1;50;500;100;200;10;15;1;0
0.8x;random;Nsfnet_14_21;40-b;DCB;0;1;1;0;2;0;0;2;0;50;500;100;200;10;15;0;0
0.8x;random;Nsfnet_14_21;40-b;DCB;0;1;1;0;2;0;0;2;1;50;500;100;200;10;15;0;0
0.8x;random;Nsfnet_14_21;40-b;DCB;0;1;1;0;2;0;0;2;0;50;500;100;200;10;15;1;0
0.8x;random;Nsfnet_14_21;40-b;DCB;0;1;1;0;2;0;0;2;1;50;500;100;200;10;15;1;0
0.8x;random;Nsfnet_14_21;40-b;DCB;22;1;1;0;2;0;0;2;0;50;500;100;200;10;15;0;0
0.8x;random;Nsfnet_14_21;40-b;DCB;22;1;1;0;2;0;0;2;1;50;500;100;200;10;15;0;0
0.8x;random;Nsfnet_14_21;40-b;DCB;22;1;1;0;2;0;0;2;0;50;500;100;200;10;15;1;0
0.8x;random;Nsfnet_14_21;40-b;DCB;22;1;1;0;2;0;0;2;1;50;500;100;200;10;15;1;0
0.8x;random;Nsfnet_14_21;20;LLB;0;1;1;0;2;0;0;2;0;50;500;100;200;10;15;0;0
0.8x;random;Nsfnet_14_21;20;LLB;0;1;1;0;2;0;0;2;1;50;500;100;200;10;15;0;0
0.8x;random;Nsfnet_14_21;20;LLB;0;1;1;0;2;0;0;2;0;50;500;100;200;10;15;1;0
0.8x;random;Nsfnet_14_21;20;LLB;0;1;1;0;2;0;0;2;1;50;500;100;200;10;15;1;0
0.8x;random;Nsfnet_14_21;20;LLB;22;1;1;0;2;0;0;2;0;50;500;100;200;10;15;0;0
0.8x;random;Nsfnet_14_21;20;LLB;22;1;1;0;2;0;0;2;1;50;500;100;200;10;15;0;0
0.8x;random;Nsfnet_14_21;20;LLB;22;1;1;0;2;0;0;2;0;50;500;100;200;10;15;1;0
0.8x;random;Nsfnet_14_21;20;LLB;22;1;1;0;2;0;0;2;1;50;500;100;200;10;15;1;0
0.8x;random;Nsfnet_14_21;20;DCB;0;1;1;0;2;0;0;2;0;50;500;100;200;10;15;0;0
0.8x;random;Nsfnet_14_21;20;DCB;0;1;1;0;2;0;0;2;1;50;500;100;200;10;15;0;0
0.8x;random;Nsfnet_14_21;20;DCB;0;1;1;0;2;0;0;2;0;50;500;100;200;10;15;1;0
0.8x;random;Nsfnet_14_21;20;DCB;0;1;1;0;2;0;0;2;1;50;500;100;200;10;15;1;0
0.8x;random;Nsfnet_14_21;20;DCB;22;1;1;0;2;0;0;2;0;50;500;100;200;10;15;0;0
0.8x;random;Nsfnet_14_21;20;DCB;22;1;1;0;2;0;0;2;1;50;500;100;200;10;15;0;0
0.8x;random;Nsfnet_14_21;20;DCB;22;1;1;0;2;0;0;2;0;50;500;100;200;10;15;1;0
0.8x;random;Nsfnet_14_21;20;DCB;22;1;1;0;2;0;0;2;1;50;500;100;200;10;15;1;0
0.8x;random;Nsfnet_14_21;90;LLB;0;1;1;0;2;0;0;2;0;50;500;100;200;10;15;0;0
0.8x;random;Nsfnet_14_21;90;LLB;0;1;1;0;2;0;0;2;1;50;500;100;200;10;15;0;0
0.8x;random;Nsfnet_14_21;90;LLB;0;1;1;0;2;0;0;2;0;50;500;100;200;10;15;1;0
0.8x;random;Nsfnet_14_21;90;LLB;0;1;1;0;2;0;0;2;1;50;500;100;200;10;15;1;0
0.8x;random;Nsfnet_14_21;90;LLB;22;1;1;0;2;0;0;2;0;50;500;100;200;10;15;0;0
0.8x;random;Nsfnet_14_21;90;LLB;22;1;1;0;2;0;0;2;1;50;500;100;200;10;15;0;0
0.8x;random;Nsfnet_14_21;90;LLB;22;1;1;0;2;0;0;2;0;50;500;100;200;10;15;1;0
0.8x;random;Nsfnet_14_21;90;LLB;22;1;1;0;2;0;0;2;1;50;500;100;200;10;15;1;0
0.8x;random;Nsfnet_14_21;90;DCB;0;1;1;0;2;0;0;2;0;50;500;100;200;10;15;0;0
0.8x;random;Nsfnet_14_21;90;DCB;0;1;1;0;2;0;0;2;1;50;500;100;200;10;15;0;0
0.8x;random;Nsfnet_14_21;90;DCB;0;1;1;0;2;0;0;2;0;50;500;100;200;10;15;1;0
0.8x;random;Nsfnet_14_21;90;DCB;0;1;1;0;2;0;0;2;1;50;500;100;200;10;15;1;0
0.8x;random;Nsfnet_14_21;90;DCB;22;1;1;0;2;0;0;2;0;50;500;100;200;10;15;0;0
0.8x;random;Nsfnet_14_21;90;DCB;22;1;1;0;2;0;0;2;1;50;500;100;200;10;15;0;0
0.8x;random;Nsfnet_14_21;90;DCB;22;1;1;0;2;0;0;2;0;50;500;100;200;10;15;1;0
0.8x;random;Nsfnet_14_21;90;DCB;22;1;1;0;2;0;0;2;1;50;500;100;200;10;15;1;0
0.8x;random;Nsfnet_14_21;30-b;LLB;0;1;1;0;2;0;0;2;0;50;500;100;200;10;15;0;0
0.8x;random;Nsfnet_14_21;30-b;LLB;0;1;1;0;2;0;0;2;1;50;500;100;200;10;15;0;0
0.8x;random;Nsfnet_14_21;30-b;LLB;0;1;1;0;2;0;0;2;0;50;500;100;200;10;15;1;0
0.8x;random;Nsfnet_14_21;30-b;LLB;0;1;1;0;2;0;0;2;1;50;500;100;200;10;15;1;0
0.8x;random;Nsfnet_14_21;30-b;LLB;22;1;1;0;2;0;0;2;0;50;500;100;200;10;15;0;0
0.8x;random;Nsfnet_14_21;30-b;LLB;22;1;1;0;2;0;0;2;1;50;500;100;200;10;15;0;0
0.8x;random;Nsfnet_14_21;30-b;LLB;22;1;1;0;2;0;0;2;0;50;500;100;200;10;15;1;0
0.8x;random;Nsfnet_14_21;30-b;LLB;22;1;1;0;2;0;0;2;1;50;500;100;200;10;15;1;0
0.8x;random;Nsfnet_14_21;30-b;DCB;0;1;1;0;2;0;0;2;0;50;500;100;200;10;15;0;0
0.8x;random;Nsfnet_14_21;30-b;DCB;0;1;1;0;2;0;0;2;1;50;500;100;200;10;15;0;0
0.8x;random;Nsfnet_14_21;30-b;DCB;0;1;1;0;2;0;0;2;0;50;500;100;200;10;15;1;0
0.8x;random;Nsfnet_14_21;30-b;DCB;0;1;1;0;2;0;0;2;1;50;500;100;200;10;15;1;0
0.8x;random;Nsfnet_14_21;30-b;DCB;22;1;1;0;2;0;0;2;0;50;500;100;200;10;15;0;0
0.8x;random;Nsfnet_14_21;30-b;DCB;22;1;1;0;2;0;0;2;1;50;500;100;200;10;15;0;0
0.8x;random;Nsfnet_14_21;30-b;DCB;22;1;1;0;2;0;0;2;0;50;500;100;200;10;15;1;0
0.8x;random;Nsfnet_14_21;30-b;DCB;22;1;1;0;2;0;0;2;1;50;500;100;200;10;15;1;0
0.8x;random;Nsfnet_14_21;50-b;LLB;0;1;1;0;2;0;0;2;0;50;500;100;200;10;15;0;0
0.8x;random;Nsfnet_14_21;50-b;LLB;0;1;1;0;2;0;0;2;1;50;500;100;200;10;15;0;0
0.8x;random;Nsfnet_14_21;50-b;LLB;0;1;1;0;2;0;0;2;0;50;500;100;200;10;15;1;0
0.8x;random;Nsfnet_14_21;50-b;LLB;0;1;1;0;2;0;0;2;1;50;500;100;200;10;15;1;0
0.8x;random;Nsfnet_14_21;50-b;LLB;22;1;1;0;2;0;0;2;0;50;500;100;200;10;15;0;0
0.8x;random;Nsfnet_14_21;50-b;LLB;22;1;1;0;2;0;0;2;1;50;500;100;200;10;15;0;0
0.8x;random;Nsfnet_14_21;50-b;LLB;22;1;1;0;2;0;0;2;0;50;500;100;200;10;15;1;0
0.8x;random;Nsfnet_14_21;50-b;LLB;22;1;1;0;2;0;0;2;1;50;500;100;200;10;15;1;0
0.8x;random;Nsfnet_14_21;50-b;DCB;0;1;1;0;2;0;0;2;0;50;500;100;200;10;15;0;0
0.8x;random;Nsfnet_14_21;50-b;DCB;0;1;1;0;2;0;0;2;1;50;500;100;200;10;15;0;0
0.8x;random;Nsfnet_14_21;50-b;DCB;0;1;1;0;2;0;0;2;0;50;500;100;200;10;15;1;0
0.8x;random;Nsfnet_14_21;50-b;DCB;0;1;1;0;2;0;0;2;1;50;500;100;200;10;15;1;0
0.8x;random;Nsfnet_14_21;50-b;DCB;22;1;1;0;2;0;0;2;0;50;500;100;200;10;15;0;0
0.8x;random;Nsfnet_14_21;50-b;DCB;22;1;1;0;2;0;0;2;1;50;500;100;200;10;15;0;0
0.8x;random;Nsfnet_14_21;50-b;DCB;22;1;1;0;2;0;0;2;0;50;500;100;200;10;15;1;0
0.8x;random;Nsfnet_14_21;50-b;DCB;22;1;1;0;2;0;0;2;1;50;500;100;200;10;15;1;0
0.8x;random;Nsfnet_14_21;70-b-b;LLB;0;1;1;0;2;0;0;2;0;50;500;100;200;10;15;0;0
0.8x;random;Nsfnet_14_21;70-b-b;LLB;0;1;1;0;2;0;0;2;1;50;500;100;200;10;15;0;0
0.8x;random;Nsfnet_14_21;70-b-b;LLB;0;1;1;0;2;0;0;2;0;50;500;100;200;10;15;1;0
0.8x;random;Nsfnet_14_21;70-b-b;LLB;0;1;1;0;2;0;0;2;1;50;500;100;200;10;15;1;0
0.8x;random;Nsfnet_14_21;70-b-b;LLB;22;1;1;0;2;0;0;2;0;50;500;100;200;10;15;0;0
0.8x;random;Nsfnet_14_21;70-b-b;LLB;22;1;1;0;2;0;0;2;1;50;500;100;200;10;15;0;0
0.8x;random;Nsfnet_14_21;70-b-b;LLB;22;1;1;0;2;0;0;2;0;50;500;100;200;10;15;1;0
0.8x;random;Nsfnet_14_21;70-b-b;LLB;22;1;1;0;2;0;0;2;1;50;500;100;200;10;15;1;0
0.8x;random;Nsfnet_14_21;70-b-b;DCB;0;1;1;0;2;0;0;2;0;50;500;100;200;10;15;0;0
0.8x;random;Nsfnet_14_21;70-b-b;DCB;0;1;1;0;2;0;0;2;1;50;500;100;200;10;15;0;0
0.8x;random;Nsfnet_14_21;70-b-b;DCB;0;1;1;0;2;0;0;2;0;50;500;100;200;10;15;1;0
0.8x;random;Nsfnet_14_21;70-b-b;DCB;0;1;1;0;2;0;0;2;1;50;500;100;200;10;15;1;0
0.8x;random;Nsfnet_14_21;70-b-b;DCB;22;1;1;0;2;0;0;2;0;50;500;100;200;10;15;0;0
0.8x;random;Nsfnet_14_21;70-b-b;DCB;22;1;1;0;2;0;0;2;1;50;500;100;200;10;15;0;0
0.8x;random;Nsfnet_14_21;70-b-b;DCB;22;1;1;0;2;0;0;2;0;50;500;100;200;10;15;1;0
0.8x;random;Nsfnet_14_21;70-b-b;DCB;22;1;1;0;2;0;0;2;1;50;500;100;200;10;15;1;0
0.8x;random;Nsfnet_14_21;20-b;LLB;0;1;1;0;2;0;0;2;0;50;500;100;200;10;15;0;0
0.8x;random;Nsfnet_14_21;20-b;LLB;0;1;1;0;2;0;0;2;1;50;500;100;200;10;15;0;0
0.8x;random;Nsfnet_14_21;20-b;LLB;0;1;1;0;2;0;0;2;0;50;500;100;200;10;15;1;0
0.8x;random;Nsfnet_14_21;20-b;LLB;0;1;1;0;2;0;0;2;1;50;500;100;200;10;15;1;0
0.8x;random;Nsfnet_14_21;20-b;LLB;22;1;1;0;2;0;0;2;0;50;500;100;200;10;15;0;0
0.8x;random;Nsfnet_14_21;20-b;LLB;22;1;1;0;2;0;0;2;1;50;500;100;200;10;15;0;0
0.8x;random;Nsfnet_14_21;20-b;LLB;22;1;1;0;2;0;0;2;0;50;500;100;200;10;15;1;0
0.8x;random;Nsfnet_14_21;20-b;LLB;22;1;1;0;2;0;0;2;1;50;500;100;200;10;15;1;0
0.8x;random;Nsfnet_14_21;20-b;DCB;0;1;1;0;2;0;0;2;0;50;500;100;200;10;15;0;0
0.8x;random;Nsfnet_14_21;20-b;DCB;0;1;1;0;2;0;0;2;1;50;500;100;200;10;15;0;0
0.8x;random;Nsfnet_14_21;20-b;DCB;0;1;1;0;2;0;0;2;0;50;500;100;200;10;15;1;0
0.8x;random;Nsfnet_14_21;20-b;DCB;0;1;1;0;2;0;0;2;1;50;500;100;200;10;15;1;0
0.8x;random;Nsfnet_14_21;20-b;DCB;22;1;1;0;2;0;0;2;0;50;500;100;200;10;15;0;0
0.8x;random;Nsfnet_14_21;20-b;DCB;22;1;1;0;2;0;0;2;1;50;500;100;200;10;15;0;0
0.8x;random;Nsfnet_14_21;20-b;DCB;22;1;1;0;2;0;0;2;0;50;500;100;200;10;15;1;0
0.8x;random;Nsfnet_14_21;20-b;DCB;22;1;1;0;2;0;0;2;1;50;500;100;200;10;15;1;0
0.8x;random;Nsfnet_14_21;60-b;LLB;0;1;1;0;2;0;0;2;0;50;500;100;200;10;15;0;0
0.8x;random;Nsfnet_14_21;60-b;LLB;0;1;1;0;2;0;0;2;1;50;500;100;200;10;15;0;0
0.8x;random;Nsfnet_14_21;60-b;LLB;0;1;1;0;2;0;0;2;0;50;500;100;200;10;15;1;0
0.8x;random;Nsfnet_14_21;60-b;LLB;0;1;1;0;2;0;0;2;1;50;500;100;200;10;15;1;0
0.8x;random;Nsfnet_14_21;60-b;LLB;22;1;1;0;2;0;0;2;0;50;500;100;200;10;15;0;0
0.8x;random;Nsfnet_14_21;60-b;LLB;22;1;1;0;2;0;0;2;1;50;500;100;200;10;15;0;0
0.8x;random;Nsfnet_14_21;60-b;LLB;22;1;1;0;2;0;0;2;0;50;500;100;200;10;15;1;0
0.8x;random;Nsfnet_14_21;60-b;LLB;22;1;1;0;2;0;0;2;1;50;500;100;200;10;15;1;0
0.8x;random;Nsfnet_14_21;60-b;DCB;0;1;1;0;2;0;0;2;0;50;500;100;200;10;15;0;0
0.8x;random;Nsfnet_14_21;60-b;DCB;0;1;1;0;2;0;0;2;1;50;500;100;200;10;15;0;0
0.8x;random;Nsfnet_14_21;60-b;DCB;0;1;1;0;2;0;0;2;0;50;500;100;200;10;15;1;0
0.8x;random;Nsfnet_14_21;60-b;DCB;0;1;1;0;2;0;0;2;1;50;500;100;200;10;15;1;0
0.8x;random;Nsfnet_14_21;60-b;DCB;22;1;1;0;2;0;0;2;0;50;500;100;200;10;15;0;0
0.8x;random;Nsfnet_14_21;60-b;DCB;22;1;1;0;2;0;0;2;1;50;500;100;200;10;15;0;0
0.8x;random;Nsfnet_14_21;60-b;DCB;22;1;1;0;2;0;0;2;0;50;500;100;200;10;15;1;0
0.8x;random;Nsfnet_14_21;60-b;DCB;22;1;1;0;2;0;0;2;1;50;500;100;200;10;15;1;0
0.8x;random;Nsfnet_14_21;30;LLB;0;1;1;0;2;0;0;2;0;50;500;100;200;10;15;0;0
0.8x;random;Nsfnet_14_21;30;LLB;0;1;1;0;2;0;0;2;1;50;500;100;200;10;15;0;0
0.8x;random;Nsfnet_14_21;30;LLB;0;1;1;0;2;0;0;2;0;50;500;100;200;10;15;1;0
0.8x;random;Nsfnet_14_21;30;LLB;0;1;1;0;2;0;0;2;1;50;500;100;200;10;15;1;0
0.8x;random;Nsfnet_14_21;30;LLB;22;1;1;0;2;0;0;2;0;50;500;100;200;10;15;0;0
0.8x;random;Nsfnet_14_21;30;LLB;22;1;1;0;2;0;0;2;1;50;500;100;200;10;15;0;0
0.8x;random;Nsfnet_14_21;30;LLB;22;1;1;0;2;0;0;2;0;50;500;100;200;10;15;1;0
0.8x;random;Nsfnet_14_21;30;LLB;22;1;1;0;2;0;0;2;1;50;500;100;200;10;15;1;0
0.8x;random;Nsfnet_14_21;30;DCB;0;1;1;0;2;0;0;2;0;50;500;100;200;10;15;0;0
0.8x;random;Nsfnet_14_21;30;DCB;0;1;1;0;2;0;0;2;1;50;500;100;200;10;15;0;0
0.8x;random;Nsfnet_14_21;30;DCB;0;1;1;0;2;0;0;2;0;50;500;100;200;10;15;1;0
0.8x;random;Nsfnet_14_21;30;DCB;0;1;1;0;2;0;0;2;1;50;500;100;200;10;15;1;0
0.8x;random;Nsfnet_14_21;30;DCB;22;1;1;0;2;0;0;2;0;50;500;100;200;10;15;0;0
0.8x;random;Nsfnet_14_21;30;DCB;22;1;1;0;2;0;0;2;1;50;500;100;200;10;15;0;0
0.8x;random;Nsfnet_14_21;30;DCB;22;1;1;0;2;0;0;2;0;50;500;100;200;10;15;1;0
0.8x;random;Nsfnet_14_21;30;DCB;22;1;1;0;2;0;0;2;1;50;500;100;200;10;15;1;0
0.8x;random;Nsfnet_14_21;50;LLB;0;1;1;0;2;0;0;2;0;50;500;100;200;10;15;0;0
0.8x;random;Nsfnet_14_21;50;LLB;0;1;1;0;2;0;0;2;1;50;500;100;200;10;15;0;0
0.8x;random;Nsfnet_14_21;50;LLB;0;1;1;0;2;0;0;2;0;50;500;100;200;10;15;1;0
0.8x;random;Nsfnet_14_21;50;LLB;0;1;1;0;2;0;0;2;1;50;500;100;200;10;15;1;0
0.8x;random;Nsfnet_14_21;50;LLB;22;1;1;0;2;0;0;2;0;50;500;100;200;10;15;0;0
0.8x;random;Nsfnet_14_21;50;LLB;22;1;1;0;2;0;0;2;1;50;500;100;200;10;15;0;0
0.8x;random;Nsfnet_14_21;50;LLB;22;1;1;0;2;0;0;2;0;50;500;100;200;10;15;1;0
0.8x;random;Nsfnet_14_21;50;LLB;22;1;1;0;2;0;0;2;1;50;500;100;200;10;15;1;0
0.8x;random;Nsfnet_14_21;50;DCB;0;1;1;0;2;0;0;2;0;50;500;100;200;10;15;0;0
0.8x;random;Nsfnet_14_21;50;DCB;0;1;1;0;2;0;0;2;1;50;500;100;200;10;15;0;0
0.8x;random;Nsfnet_14_21;50;DCB;0;1;1;0;2;0;0;2;0;50;500;100;200;10;15;1;0
0.8x;random;Nsfnet_14_21;50;DCB;0;1;1;0;2;0;0;2;1;50;500;100;200;10;15;1;0
0.8x;random;Nsfnet_14_21;50;DCB;22;1;1;0;2;0;0;2;0;50;500;100;200;10;15;0;0
0.8x;random;Nsfnet_14_21;50;DCB;22;1;1;0;2;0;0;2;1;50;500;100;200;10;15;0;0
0.8x;random;Nsfnet_14_21;50;DCB;22;1;1;0;2;0;0;2;0;50;500;100;200;10;15;1;0
0.8x;random;Nsfnet_14_21;50;DCB;22;1;1;0;2;0;0;2;1;50;500;100;200;10;15;1;0
0.8x;random;Nsfnet_14_21;60-b-b;LLB;0;1;1;0;2;0;0;2;0;50;500;100;200;10;15;0;0
0.8x;random;Nsfnet_14_21;60-b-b;LLB;0;1;1;0;2;0;0;2;1;50;500;100;200;10;15;0;0
0.8x;random;Nsfnet_14_21;60-b-b;LLB;0;1;1;0;2;0;0;2;0;50;500;100;200;10;15;1;0
0.8x;random;Nsfnet_14_21;60-b-b;LLB;0;1;1;0;2;0;0;2;1;50;500;100;200;10;15;1;0
0.8x;random;Nsfnet_14_21;60-b-b;LLB;22;1;1;0;2;0;0;2;0;50;500;100;200;10;15;0;0
0.8x;random;Nsfnet_14_21;60-b-b;LLB;22;1;1;0;2;0;0;2;1;50;500;100;200;10;15;0;0
0.8x;random;Nsfnet_14_21;60-b-b;LLB;22;1;1;0;2;0;0;2;0;50;500;100;200;10;15;1;0
0.8x;random;Nsfnet_14_21;60-b-b;LLB;22;1;1;0;2;0;0;2;1;50;500;100;200;10;15;1;0
0.8x;random;Nsfnet_14_21;60-b-b;DCB;0;1;1;0;2;0;0;2;0;50;500;100;200;10;15;0;0
0.8x;random;Nsfnet_14_21;60-b-b;DCB;0;1;1;0;2;0;0;2;1;50;500;100;200;10;15;0;0
0.8x;random;Nsfnet_14_21;60-b-b;DCB;0;1;1;0;2;0;0;2;0;50;500;100;200;10;15;1;0
0.8x;random;Nsfnet_14_21;60-b-b;DCB;0;1;1;0;2;0;0;2;1;50;500;100;200;10;15;1;0
0.8x;random;Nsfnet_14_21;60-b-b;DCB;22;1;1;0;2;0;0;2;0;50;500;100;200;10;15;0;0
0.8x;random;Nsfnet_14_21;60-b-b;DCB;22;1;1;0;2;0;0;2;1;50;500;100;200;10;15;0;0
0.8x;random;Nsfnet_14_21;60-b-b;DCB;22;1;1;0;2;0;0;2;0;50;500;100;200;10;15;1;0
0.8x;random;Nsfnet_14_21;60-b-b;DCB;22;1;1;0;2;0;0;2;1;50;500;100;200;10;15;1;0
0.8x;random;Nsfnet_14_21;100-b-b;LLB;0;1;1;0;2;0;0;2;0;50;500;100;200;10;15;0;0
0.8x;random;Nsfnet_14_21;100-b-b;LLB;0;1;1;0;2;0;0;2;1;50;500;100;200;10;15;0;0
0.8x;random;Nsfnet_14_21;100-b-b;LLB;0;1;1;0;2;0;0;2;0;50;500;100;200;10;15;1;0
0.8x;random;Nsfnet_14_21;100-b-b;LLB;0;1;1;0;2;0;0;2;1;50;500;100;200;10;15;1;0
0.8x;random;Nsfnet_14_21;100-b-b;LLB;22;1;1;0;2;0;0;2;0;50;500;100;200;10;15;0;0
0.8x;random;Nsfnet_14_21;100-b-b;LLB;22;1;1;0;2;0;0;2;1;50;500;100;200;10;15;0;0
0.8x;random;Nsfnet_14_21;100-b-b;LLB;22;1;1;0;2;0;0;2;0;50;500;100;200;10;15;1;0
0.8x;random;Nsfnet_14_21;100-b-b;LLB;22;1;1;0;2;0;0;2;1;50;500;100;200;10;15;1;0
0.8x;random;Nsfnet_14_21;100-b-b;DCB;0;1;1;0;2;0;0;2;0;50;500;100;200;10;15;0;0
0.8x;random;Nsfnet_14_21;100-b-b;DCB;0;1;1;0;2;0;0;2;1;50;500;100;200;10;15;0;0
0.8x;random;Nsfnet_14_21;100-b-b;DCB;0;1;1;0;2;0;0;2;0;50;500;100;200;10;15;1;0
0.8x;random;Nsfnet_14_21;100-b-b;DCB;0;1;1;0;2;0;0;2;1;50;500;100;200;10;15;1;0
0.8x;random;Nsfnet_14_21;100-b-b;DCB;22;1;1;0;2;0;0;2;0;50;500;100;200;10;15;0;0
0.8x;random;Nsfnet_14_21;100-b-b;DCB;22;1;1;0;2;0;0;2;1;50;500;100;200;10;15;0;0
0.8x;random;Nsfnet_14_21;100-b-b;DCB;22;1;1;0;2;0;0;2;0;50;500;100;200;10;15;1;0
0.8x;random;Nsfnet_14_21;100-b-b;DCB;22;1;1;0;2;0;0;2;1;50;500;100;200;10;15;1;0
0.8x;random;Nsfnet_14_21;30-b-b;LLB;0;1;1;0;2;0;0;2;0;50;500;100;200;10;15;0;0
0.8x;random;Nsfnet_14_21;30-b-b;LLB;0;1;1;0;2;0;0;2;1;50;500;100;200;10;15;0;0
0.8x;random;Nsfnet_14_21;30-b-b;LLB;0;1;1;0;2;0;0;2;0;50;500;100;200;10;15;1;0
0.8x;random;Nsfnet_14_21;30-b-b;LLB;0;1;1;0;2;0;0;2;1;50;500;100;200;10;15;1;0
0.8x;random;Nsfnet_14_21;30-b-b;LLB;22;1;1;0;2;0;0;2;0;50;500;100;200;10;15;0;0
0.8x;random;Nsfnet_14_21;30-b-b;LLB;22;1;1;0;2;0;0;2;1;50;500;100;200;10;15;0;0
0.8x;random;Nsfnet_14_21;30-b-b;LLB;22;1;1;0;2;0;0;2;0;50;500;100;200;10;15;1;0
0.8x;random;Nsfnet_14_21;30-b-b;LLB;22;1;1;0;2;0;0;2;1;50;500;100;200;10;15;1;0
0.8x;random;Nsfnet_14_21;30-b-b;DCB;0;1;1;0;2;0;0;2;0;50;500;100;200;10;15;0;0
0.8x;random;Nsfnet_14_21;30-b-b;DCB;0;1;1;0;2;0;0;2;1;50;500;100;200;10;15;0;0
0.8x;random;Nsfnet_14_21;30-b-b;DCB;0;1;1;0;2;0;0;2;0;50;500;100;200;10;15;1;0
0.8x;random;Nsfnet_14_21;30-b-b;DCB;0;1;1;0;2;0;0;2;1;50;500;100;200;10;15;1;0
0.8x;random;Nsfnet_14_21;30-b-b;DCB;22;1;1;0;2;0;0;2;0;50;500;100;200;10;15;0;0
0.8x;random;Nsfnet_14_21;30-b-b;DCB;22;1;1;0;2;0;0;2;1;50;500;100;200;10;15;0;0
0.8x;random;Nsfnet_14_21;30-b-b;DCB;22;1;1;0;2;0;0;2;0;50;500;100;200;10;15;1;0
0.8x;random;Nsfnet_14_21;30-b-b;DCB;22;1;1;0;2;0;0;2;1;50;500;100;200;10;15;1;0
0.8x;random;Nsfnet_14_21;100;LLB;0;1;1;0;2;0;0;2;0;50;500;100;200;10;15;0;0
0.8x;random;Nsfnet_14_21;100;LLB;0;1;1;0;2;0;0;2;1;50;500;100;200;10;15;0;0
0.8x;random;Nsfnet_14_21;100;LLB;0;1;1;0;2;0;0;2;0;50;500;100;200;10;15;1;0
0.8x;random;Nsfnet_14_21;100;LLB;0;1;1;0;2;0;0;2;1;50;500;100;200;10;15;1;0
0.8x;random;Nsfnet_14_21;100;LLB;22;1;1;0;2;0;0;2;0;50;500;100;200;10;15;0;0
0.8x;random;Nsfnet_14_21;100;LLB;22;1;1;0;2;0;0;2;1;50;500;100;200;10;15;0;0
0.8x;random;Nsfnet_14_21;100;LLB;22;1;1;0;2;0;0;2;0;50;500;100;200;10;15;1;0
0.8x;random;Nsfnet_14_21;100;LLB;22;1;1;0;2;0;0;2;1;50;500;100;200;10;15;1;0
0.8x;random;Nsfnet_14_21;100;DCB;0;1;1;0;2;0;0;2;0;50;500;100;200;10;15;0;0
0.8x;random;Nsfnet_14_21;100;DCB;0;1;1;0;2;0;0;2;1;50;500;100;200;10;15;0;0
0.8x;random;Nsfnet_14_21;100;DCB;0;1;1;0;2;0;0;2;0;50;500;100;200;10;15;1;0
0.8x;random;Nsfnet_14_21;100;DCB;0;1;1;0;2;0;0;2;1;50;500;100;200;10;15;1;0
0.8x;random;Nsfnet_14_21;100;DCB;22;1;1;0;2;0;0;2;0;50;500;100;200;10;15;0;0
0.8x;random;Nsfnet_14_21;100;DCB;22;1;1;0;2;0;0;2;1;50;500;100;200;10;15;0;0
0.8x;random;Nsfnet_14_21;100;DCB;22;1;1;0;2;0;0;2;0;50;500;100;200;10;15;1;0
0.8x;random;Nsfnet_14_21;100;DCB;22;1;1;0;2;0;0;2;1;50;500;100;200;10;15;1;0
0.8x;random;Nsfnet_14_21;70-b;LLB;0;1;1;0;2;0;0;2;0;50;500;100;200;10;15;0;0
0.8x;random;Nsfnet_14_21;70-b;LLB;0;1;1;0;2;0;0;2;1;50;500;100;200;10;15;0;0
0.8x;random;Nsfnet_14_21;70-b;LLB;0;1;1;0;2;0;0;2;0;50;500;100;200;10;15;1;0
0.8x;random;Nsfnet_14_21;70-b;LLB;0;1;1;0;2;0;0;2;1;50;500;100;200;10;15;1;0
0.8x;random;Nsfnet_14_21;70-b;LLB;22;1;1;0;2;0;0;2;0;50;500;100;200;10;15;0;0
0.8x;random;Nsfnet_14_21;70-b;LLB;22;1;1;0;2;0;0;2;1;50;500;100;200;10;15;0;0
0.8x;random;Nsfnet_14_21;70-b;LLB;22;1;1;0;2;0;0;2;0;50;500;100;200;10;15;1;0
0.8x;random;Nsfnet_14_21;70-b;LLB;22;1;1;0;2;0;0;2;1;50;500;100;200;10;15;1;0
0.8x;random;Nsfnet_14_21;70-b;DCB;0;1;1;0;2;0;0;2;0;50;500;100;200;10;15;0;0
0.8x;random;Nsfnet_14_21;70-b;DCB;0;1;1;0;2;0;0;2;1;50;500;100;200;10;15;0;0
0.8x;random;Nsfnet_14_21;70-b;DCB;0;1;1;0;2;0;0;2;0;50;500;100;200;10;15;1;0
0.8x;random;Nsfnet_14_21;70-b;DCB;0;1;1;0;2;0;0;2;1;50;500;100;200;10;15;1;0
0.8x;random;Nsfnet_14_21;70-b;DCB;22;1;1;0;2;0;0;2;0;50;500;100;200;10;15;0;0
0.8x;random;Nsfnet_14_21;70-b;DCB;22;1;1;0;2;0;0;2;1;50;500;100;200;10;15;0;0
0.8x;random;Nsfnet_14_21;70-b;DCB;22;1;1;0;2;0;0;2;0;50;500;100;200;10;15;1;0
0.8x;random;Nsfnet_14_21;70-b;DCB;22;1;1;0;2;0;0;2;1;50;500;100;200;10;15;1;0
0.8x;random;Nsfnet_14_21;40-b-b;LLB;0;1;1;0;2;0;0;2;0;50;500;100;200;10;15;0;0
0.8x;random;Nsfnet_14_21;40-b-b;LLB;0;1;1;0;2;0;0;2;1;50;500;100;200;10;15;0;0
0.8x;random;Nsfnet_14_21;40-b-b;LLB;0;1;1;0;2;0;0;2;0;50;500;100;200;10;15;1;0
0.8x;random;Nsfnet_14_21;40-b-b;LLB;0;1;1;0;2;0;0;2;1;50;500;100;200;10;15;1;0
0.8x;random;Nsfnet_14_21;40-b-b;LLB;22;1;1;0;2;0;0;2;0;50;500;100;200;10;15;0;0
0.8x;random;Nsfnet_14_21;40-b-b;LLB;22;1;1;0;2;0;0;2;1;50;500;100;200;10;15;0;0
0.8x;random;Nsfnet_14_21;40-b-b;LLB;22;1;1;0;2;0;0;2;0;50;500;100;200;10;15;1;0
0.8x;random;Nsfnet_14_21;40-b-b;LLB;22;1;1;0;2;0;0;2;1;50;500;100;200;10;15;1;0
0.8x;random;Nsfnet_14_21;40-b-b;DCB;0;1;1;0;2;0;0;2;0;50;500;100;200;10;15;0;0
0.8x;random;Nsfnet_14_21;40-b-b;DCB;0;1;1;0;2;0;0;2;1;50;500;100;200;10;15;0;0
0.8x;random;Nsfnet_14_21;40-b-b;DCB;0;1;1;0;2;0;0;2;0;50;500;100;200;10;15;1;0
0.8x;random;Nsfnet_14_21;40-b-b;DCB;0;1;1;0;2;0;0;2;1;50;500;100;200;10;15;1;0
0.8x;random;Nsfnet_14_21;40-b-b;DCB;22;1;1;0;2;0;0;2;0;50;500;100;200;10;15;0;0
0.8x;random;Nsfnet_14_21;40-b-b;DCB;22;1;1;0;2;0;0;2;1;50;500;100;200;10;15;0;0
0.8x;random;Nsfnet_14_21;40-b-b;DCB;22;1;1;0;2;0;0;2;0;50;500;100;200;10;15;1;0
0.8x;random;Nsfnet_14_21;40-b-b;DCB;22;1;1;0;2;0;0;2;1;50;500;100;200;10;15;1;0
0.8x;random;Nsfnet_14_21;80-b;LLB;0;1;1;0;2;0;0;2;0;50;500;100;200;10;15;0;0
0.8x;random;Nsfnet_14_21;80-b;LLB;0;1;1;0;2;0;0;2;1;50;500;100;200;10;15;0;0
0.8x;random;Nsfnet_14_21;80-b;LLB;0;1;1;0;2;0;0;2;0;50;500;100;200;10;15;1;0
0.8x;random;Nsfnet_14_21;80-b;LLB;0;1;1;0;2;0;0;2;1;50;500;100;200;10;15;1;0
0.8x;random;Nsfnet_14_21;80-b;LLB;22;1;1;0;2;0;0;2;0;50;500;100;200;10;15;0;0
0.8x;random;Nsfnet_14_21;80-b;LLB;22;1;1;0;2;0;0;2;1;50;500;100;200;10;15;0;0
0.8x;random;Nsfnet_14_21;80-b;LLB;22;1;1;0;2;0;0;2;0;50;500;100;200;10;15;1;0
0.8x;random;Nsfnet_14_21;80-b;LLB;22;1;1;0;2;0;0;2;1;50;500;100;200;10;15;1;0
0.8x;random;Nsfnet_14_21;80-b;DCB;0;1;1;0;2;0;0;2;0;50;500;100;200;10;15;0;0
0.8x;random;Nsfnet_14_21;80-b;DCB;0;1;1;0;2;0;0;2;1;50;500;100;200;10;15;0;0
0.8x;random;Nsfnet_14_21;80-b;DCB;0;1;1;0;2;0;0;2;0;50;500;100;200;10;15;1;0
0.8x;random;Nsfnet_14_21;80-b;DCB;0;1;1;0;2;0;0;2;1;50;500;100;200;10;15;1;0
0.8x;random;Nsfnet_14_21;80-b;DCB;22;1;1;0;2;0;0;2;0;50;500;100;200;10;15;0;0
0.8x;random;Nsfnet_14_21;80-b;DCB;22;1;1;0;2;0;0;2;1;50;500;100;200;10;15;0;0
0.8x;random;Nsfnet_14_21;80-b;DCB;22;1;1;0;2;0;0;2;0;50;500;100;200;10;15;1;0
0.8x;random;Nsfnet_14_21;80-b;DCB;22;1;1;0;2;0;0;2;1;50;500;100;200;10;15;1;0
0.8x;random;German_17_26;80-b-b;LLB;0;1;1;0;2;0;0;2;0;50;500;100;200;10;15;0;0
0.8x;random;German_17_26;80-b-b;LLB;0;1;1;0;2;0;0;2;1;50;500;100;200;10;15;0;0
0.8x;random;German_17_26;80-b-b;LLB;0;1;1;0;2;0;0;2;0;50;500;100;200;10;15;1;0
0.8x;random;German_17_26;80-b-b;LLB;0;1;1;0;2;0;0;2;1;50;500;100;200;10;15;1;0
0.8x;random;German_17_26;80-b-b;LLB;22;1;1;0;2;0;0;2;0;50;500;100;200;10;15;0;0
0.8x;random;German_17_26;80-b-b;LLB;22;1;1;0;2;0;0;2;1;50;500;100;200;10;15;0;0
0.8x;random;German_17_26;80-b-b;LLB;22;1;1;0;2;0;0;2;0;50;500;100;200;10;15;1;0
0.8x;random;German_17_26;80-b-b;LLB;22;1;1;0;2;0;0;2;1;50;500;100;200;10;15;1;0
0.8x;random;German_17_26;80-b-b;DCB;0;1;1;0;2;0;0;2;0;50;500;100;200;10;15;0;0
0.8x;random;German_17_26;80-b-b;DCB;0;1;1;0;2;0;0;2;1;50;500;100;200;10;15;0;0
0.8x;random;German_17_26;80-b-b;DCB;0;1;1;0;2;0;0;2;0;50;500;100;200;10;15;1;0
0.8x;random;German_17_26;80-b-b;DCB;0;1;1;0;2;0;0;2;1;50;500;100;200;10;15;1;0
0.8x;random;German_17_26;80-b-b;DCB;22;1;1;0;2;0;0;2;0;50;500;100;200;10;15;0;0
0.8x;random;German_17_26;80-b-b;DCB;22;1;1;0;2;0;0;2;1;50;500;100;200;10;15;0;0
0.8x;random;German_17_26;80-b-b;DCB;22;1;1;0;2;0;0;2;0;50;500;100;200;10;15;1;0
0.8x;random;German_17_26;80-b-b;DCB;22;1;1;0;2;0;0;2;1;50;500;100;200;10;15;1;0
0.8x;random;German_17_26;90-b-b;LLB;0;1;1;0;2;0;0;2;0;50;500;100;200;10;15;0;0
0.8x;random;German_17_26;90-b-b;LLB;0;1;1;0;2;0;0;2;1;50;500;100;200;10;15;0;0
0.8x;random;German_17_26;90-b-b;LLB;0;1;1;0;2;0;0;2;0;50;500;100;200;10;15;1;0
0.8x;random;German_17_26;90-b-b;LLB;0;1;1;0;2;0;0;2;1;50;500;100;200;10;15;1;0
0.8x;random;German_17_26;90-b-b;LLB;22;1;1;0;2;0;0;2;0;50;500;100;200;10;15;0;0
0.8x;random;German_17_26;90-b-b;LLB;22;1;1;0;2;0;0;2;1;50;500;100;200;10;15;0;0
0.8x;random;German_17_26;90-b-b;LLB;22;1;1;0;2;0;0;2;0;50;500;100;200;10;15;1;0
0.8x;random;German_17_26;90-b-b;LLB;22;1;1;0;2;0;0;2;1;50;500;100;200;10;15;1;0
0.8x;random;German_17_26;90-b-b;DCB;0;1;1;0;2;0;0;2;0;50;500;100;200;10;15;0;0
0.8x;random;German_17_26;90-b-b;DCB;0;1;1;0;2;0;0;2;1;50;500;100;200;10;15;0;0
0.8x;random;German_17_26;90-b-b;DCB;0;1;1;0;2;0;0;2;0;50;500;100;200;10;15;1;0
0.8x;random;German_17_26;90-b-b;DCB;0;1;1;0;2;0;0;2;1;50;500;100;200;10;15;1;0
0.8x;random;German_17_26;90-b-b;DCB;22;1;1;0;2;0;0;2;0;50;500;100;200;10;15;0;0
0.8x;random;German_17_26;90-b-b;DCB;22;1;1;0;2;0;0;2;1;50;500;100;200;10;15;0;0
0.8x;random;German_17_26;90-b-b;DCB;22;1;1;0;2;0;0;2;0;50;500;100;200;10;15;1;0
0.8x;random;German_17_26;90-b-b;DCB;22;1;1;0;2;0;0;2;1;50;500;100;200;10;15;1;0
0.8x;random;German_17_26;60;LLB;0;1;1;0;2;0;0;2;0;50;500;100;200;10;15;0;0
0.8x;random;German_17_26;60;LLB;0;1;1;0;2;0;0;2;1;50;500;100;200;10;15;0;0
0.8x;random;German_17_26;60;LLB;0;1;1;0;2;0;0;2;0;50;500;100;200;10;15;1;0
0.8x;random;German_17_26;60;LLB;0;1;1;0;2;0;0;2;1;50;500;100;200;10;15;1;0
0.8x;random;German_17_26;60;LLB;22;1;1;0;2;0;0;2;0;50;500;100;200;10;15;0;0
0.8x;random;German_17_26;60;LLB;22;1;1;0;2;0;0;2;1;50;500;100;200;10;15;0;0
0.8x;random;German_17_26;60;LLB;22;1;1;0;2;0;0;2;0;50;500;100;200;10;15;1;0
0.8x;random;German_17_26;60;LLB;22;1;1;0;2;0;0;2;1;50;500;100;200;10;15;1;0
0.8x;random;German_17_26;60;DCB;0;1;1;0;2;0;0;2;0;50;500;100;200;10;15;0;0
0.8x;random;German_17_26;60;DCB;0;1;1;0;2;0;0;2;1;50;500;100;200;10;15;0;0
0.8x;random;German_17_26;60;DCB;0;1;1;0;2;0;0;2;0;50;500;100;200;10;15;1;0
0.8x;random;German_17_26;60;DCB;0;1;1;0;2;0;0;2;1;50;500;100;200;10;15;1;0
0.8x;random;German_17_26;60;DCB;22;1;1;0;2;0;0;2;0;50;500;100;200;10;15;0;0
0.8x;random;German_17_26;60;DCB;22;1;1;0;2;0;0;2;1;50;500;100;200;10;15;0;0
0.8x;random;German_17_26;60;DCB;22;1;1;0;2;0;0;2;0;50;500;100;200;10;15;1;0
0.8x;random;German_17_26;60;DCB;22;1;1;0;2;0;0;2;1;50;500;100;200;10;15;1;0
0.8x;random;German_17_26;20-b-b;LLB;0;1;1;0;2;0;0;2;0;50;500;100;200;10;15;0;0
0.8x;random;German_17_26;20-b-b;LLB;0;1;1;0;2;0;0;2;1;50;500;100;200;10;15;0;0
0.8x;random;German_17_26;20-b-b;LLB;0;1;1;0;2;0;0;2;0;50;500;100;200;10;15;1;0
0.8x;random;German_17_26;20-b-b;LLB;0;1;1;0;2;0;0;2;1;50;500;100;200;10;15;1;0
0.8x;random;German_17_26;20-b-b;LLB;22;1;1;0;2;0;0;2;0;50;500;100;200;10;15;0;0
0.8x;random;German_17_26;20-b-b;LLB;22;1;1;0;2;0;0;2;1;50;500;100;200;10;15;0;0
0.8x;random;German_17_26;20-b-b;LLB;22;1;1;0;2;0;0;2;0;50;500;100;200;10;15;1;0
0.8x;random;German_17_26;20-b-b;LLB;22;1;1;0;2;0;0;2;1;50;500;100;200;10;15;1;0
0.8x;random;German_17_26;20-b-b;DCB;0;1;1;0;2;0;0;2;0;50;500;100;200;10;15;0;0
0.8x;random;German_17_26;20-b-b;DCB;0;1;1;0;2;0;0;2;1;50;500;100;200;10;15;0;0
0.8x;random;German_17_26;20-b-b;DCB;0;1;1;0;2;0;0;2;0;50;500;100;200;10;15;1;0
0.8x;random;German_17_26;20-b-b;DCB;0;1;1;0;2;0;0;2;1;50;500;100;200;10;15;1;0
0.8x;random;German_17_26;20-b-b;DCB;22;1;1;0;2;0;0;2;0;50;500;100;200;10;15;0;0
0.8x;random;German_17_26;20-b-b;DCB;22;1;1;0;2;0;0;2;1;50;500;100;200;10;15;0;0
0.8x;random;German_17_26;20-b-b;DCB;22;1;1;0;2;0;0;2;0;50;500;100;200;10;15;1;0
0.8x;random;German_17_26;20-b-b;DCB;22;1;1;0;2;0;0;2;1;50;500;100;200;10;15;1;0
0.8x;random;German_17_26;50-b-b;LLB;0;1;1;0;2;0;0;2;0;50;500;100;200;10;15;0;0
0.8x;random;German_17_26;50-b-b;LLB;0;1;1;0;2;0;0;2;1;50;500;100;200;10;15;0;0
0.8x;random;German_17_26;50-b-b;LLB;0;1;1;0;2;0;0;2;0;50;500;100;200;10;15;1;0
0.8x;random;German_17_26;50-b-b;LLB;0;1;1;0;2;0;0;2;1;50;500;100;200;10;15;1;0
0.8x;random;German_17_26;50-b-b;LLB;22;1;1;0;2;0;0;2;0;50;500;100;200;10;15;0;0
0.8x;random;German_17_26;50-b-b;LLB;22;1;1;0;2;0;0;2;1;50;500;100;200;10;15;0;0
0.8x;random;German_17_26;50-b-b;LLB;22;1;1;0;2;0;0;2;0;50;500;100;200;10;15;1;0
0.8x;random;German_17_26;50-b-b;LLB;22;1;1;0;2;0;0;2;1;50;500;100;200;10;15;1;0
0.8x;random;German_17_26;50-b-b;DCB;0;1;1;0;2;0;0;2;0;50;500;100;200;10;15;0;0
0.8x;random;German_17_26;50-b-b;DCB;0;1;1;0;2;0;0;2;1;50;500;100;200;10;15;0;0
0.8x;random;German_17_26;50-b-b;DCB;0;1;1;0;2;0;0;2;0;50;500;100;200;10;15;1;0
0.8x;random;German_17_26;50-b-b;DCB;0;1;1;0;2;0;0;2;1;50;500;100;200;10;15;1;0
0.8x;random;German_17_26;50-b-b;DCB;22;1;1;0;2;0;0;2;0;50;500;100;200;10;15;0;0
0.8x;random;German_17_26;50-b-b;DCB;22;1;1;0;2;0;0;2;1;50;500;100;200;10;15;0;0
0.8x;random;German_17_26;50-b-b;DCB;22;1;1;0;2;0;0;2;0;50;500;100;200;10;15;1;0
0.8x;random;German_17_26;50-b-b;DCB;22;1;1;0;2;0;0;2;1;50;500;100;200;10;15;1;0
0.8x;random;German_17_26;100-b;LLB;0;1;1;0;2;0;0;2;0;50;500;100;200;10;15;0;0
0.8x;random;German_17_26;100-b;LLB;0;1;1;0;2;0;0;2;1;50;500;100;200;10;15;0;0
0.8x;random;German_17_26;100-b;LLB;0;1;1;0;2;0;0;2;0;50;500;100;200;10;15;1;0
0.8x;random;German_17_26;100-b;LLB;0;1;1;0;2;0;0;2;1;50;500;100;200;10;15;1;0
0.8x;random;German_17_26;100-b;LLB;22;1;1;0;2;0;0;2;0;50;500;100;200;10;15;0;0
0.8x;random;German_17_26;100-b;LLB;22;1;1;0;2;0;0;2;1;50;500;100;200;10;15;0;0
0.8x;random;German_17_26;100-b;LLB;22;1;1;0;2;0;0;2;0;50;500;100;200;10;15;1;0
0.8x;random;German_17_26;100-b;LLB;22;1;1;0;2;0;0;2;1;50;500;100;200;10;15;1;0
0.8x;random;German_17_26;100-b;DCB;0;1;1;0;2;0;0;2;0;50;500;100;200;10;15;0;0
0.8x;random;German_17_26;100-b;DCB;0;1;1;0;2;0;0;2;1;50;500;100;200;10;15;0;0
0.8x;random;German_17_26;100-b;DCB;0;1;1;0;2;0;0;2;0;50;500;100;200;10;15;1;0
0.8x;random;German_17_26;100-b;DCB;0;1;1;0;2;0;0;2;1;50;500;100;200;10;15;1;0
0.8x;random;German_17_26;100-b;DCB;22;1;1;0;2;0;0;2;0;50;500;100;200;10;15;0;0
0.8x;random;German_17_26;100-b;DCB;22;1;1;0;2;0;0;2;1;50;500;100;200;10;15;0;0
0.8x;random;German_17_26;100-b;DCB;22;1;1;0;2;0;0;2;0;50;500;100;200;10;15;1;0
0.8x;random;German_17_26;100-b;DCB;22;1;1;0;2;0;0;2;1;50;500;100;200;10;15;1;0
0.8x;random;German_17_26;90-b;LLB;0;1;1;0;2;0;0;2;0;50;500;100;200;10;15;0;0
0.8x;random;German_17_26;90-b;LLB;0;1;1;0;2;0;0;2;1;50;500;100;200;10;15;0;0
0.8x;random;German_17_26;90-b;LLB;0;1;1;0;2;0;0;2;0;50;500;100;200;10;15;1;0
0.8x;random;German_17_26;90-b;LLB;0;1;1;0;2;0;0;2;1;50;500;100;200;10;15;1;0
0.8x;random;German_17_26;90-b;LLB;22;1;1;0;2;0;0;2;0;50;500;100;200;10;15;0;0
0.8x;random;German_17_26;90-b;LLB;22;1;1;0;2;0;0;2;1;50;500;100;200;10;15;0;0
0.8x;random;German_17_26;90-b;LLB;22;1;1;0;2;0;0;2;0;50;500;100;200;10;15;1;0
0.8x;random;German_17_26;90-b;LLB;22;1;1;0;2;0;0;2;1;50;500;100;200;10;15;1;0
0.8x;random;German_17_26;90-b;DCB;0;1;1;0;2;0;0;2;0;50;500;100;200;10;15;0;0
0.8x;random;German_17_26;90-b;DCB;0;1;1;0;2;0;0;2;1;50;500;100;200;10;15;0;0
0.8x;random;German_17_26;90-b;DCB;0;1;1;0;2;0;0;2;0;50;500;100;200;10;15;1;0
0.8x;random;German_17_26;90-b;DCB;0;1;1;0;2;0;0;2;1;50;500;100;200;10;15;1;0
0.8x;random;German_17_26;90-b;DCB;22;1;1;0;2;0;0;2;0;50;500;100;200;10;15;0;0
0.8x;random;German_17_26;90-b;DCB;22;1;1;0;2;0;0;2;1;50;500;100;200;10;15;0;0
0.8x;random;German_17_26;90-b;DCB;22;1;1;0;2;0;0;2;0;50;500;100;200;10;15;1;0
0.8x;random;German_17_26;90-b;DCB;22;1;1;0;2;0;0;2;1;50;500;100;200;10;15;1;0
0.8x;random;German_17_26;40;LLB;0;1;1;0;2;0;0;2;0;50;500;100;200;10;15;0;0
0.8x;random;German_17_26;40;LLB;0;1;1;0;2;0;0;2;1;50;500;100;200;10;15;0;0
0.8x;random;German_17_26;40;LLB;0;1;1;0;2;0;0;2;0;50;500;100;200;10;15;1;0
0.8x;random;German_17_26;40;LLB;0;1;1;0;2;0;0;2;1;50;500;100;200;10;15;1;0
0.8x;random;German_17_26;40;LLB;22;1;1;0;2;0;0;2;0;50;500;100;200;10;15;0;0
0.8x;random;German_17_26;40;LLB;22;1;1;0;2;0;0;2;1;50;500;100;200;10;15;0;0
0.8x;random;German_17_26;40;LLB;22;1;1;0;2;0;0;2;0;50;500;100;200;10;15;1;0
0.8x;random;German_17_26;40;LLB;22;1;1;0;2;0;0;2;1;50;500;100;200;10;15;1;0
0.8x;random;German_17_26;40;DCB;0;1;1;0;2;0;0;2;0;50;500;100;200;10;15;0;0
0.8x;random;German_17_26;40;DCB;0;1;1;0;2;0;0;2;1;50;500;100;200;10;15;0;0
0.8x;random;German_17_26;40;DCB;0;1;1;0;2;0;0;2;0;50;500;100;200;10;15;1;0
0.8x;random;German_17_26;40;DCB;0;1;1;0;2;0;0;2;1;50;500;100;200;10;15;1;0
0.8x;random;German_17_26;40;DCB;22;1;1;0;2;0;0;2;0;50;500;100;200;10;15;0;0
0.8x;random;German_17_26;40;DCB;22;1;1;0;2;0;0;2;1;50;500;100;200;10;15;0;0
0.8x;random;German_17_26;40;DCB;22;1;1;0;2;0;0;2;0;50;500;100;200;10;15;1;0
0.8x;random;German_17_26;40;DCB;22;1;1;0;2;0;0;2;1;50;500;100;200;10;15;1;0
0.8x;random;German_17_26;80;LLB;0;1;1;0;2;0;0;2;0;50;500;100;200;10;15;0;0
0.8x;random;German_17_26;80;LLB;0;1;1;0;2;0;0;2;1;50;500;100;200;10;15;0;0
0.8x;random;German_17_26;80;LLB;0;1;1;0;2;0;0;2;0;50;500;100;200;10;15;1;0
0.8x;random;German_17_26;80;LLB;0;1;1;0;2;0;0;2;1;50;500;100;200;10;15;1;0
0.8x;random;German_17_26;80;LLB;22;1;1;0;2;0;0;2;0;50;500;100;200;10;15;0;0
0.8x;random;German_17_26;80;LLB;22;1;1;0;2;0;0;2;1;50;500;100;200;10;15;0;0
0.8x;random;German_17_26;80;LLB;22;1;1;0;2;0;0;2;0;50;500;100;200;10;15;1;0
0.8x;random;German_17_26;80;LLB;22;1;1;0;2;0;0;2;1;50;500;100;200;10;15;1;0
0.8x;random;German_17_26;80;DCB;0;1;1;0;2;0;0;2;0;50;500;100;200;10;15;0;0
0.8x;random;German_17_26;80;DCB;0;1;1;0;2;0;0;2;1;50;500;100;200;10;15;0;0
0.8x;random;German_17_26;80;DCB;0;1;1;0;2;0;0;2;0;50;500;100;200;10;15;1;0
0.8x;random;German_17_26;80;DCB;0;1;1;0;2;0;0;2;1;50;500;100;200;10;15;1;0
0.8x;random;German_17_26;80;DCB;22;1;1;0;2;0;0;2;0;50;500;100;200;10;15;0;0
0.8x;random;German_17_26;80;DCB;22;1;1;0;2;0;0;2;1;50;500;100;200;10;15;0;0
0.8x;random;German_17_26;80;DCB;22;1;1;0;2;0;0;2;0;50;500;100;200;10;15;1;0
0.8x;random;German_17_26;80;DCB;22;1;1;0;2;0;0;2;1;50;500;100;200;10;15;1;0
0.8x;random;German_17_26;70;LLB;0;1;1;0;2;0;0;2;0;50;500;100;200;10;15;0;0
0.8x;random;German_17_26;70;LLB;0;1;1;0;2;0;0;2;1;50;500;100;200;10;15;0;0
0.8x;random;German_17_26;70;LLB;0;1;1;0;2;0;0;2;0;50;500;100;200;10;15;1;0
0.8x;random;German_17_26;70;LLB;0;1;1;0;2;0;0;2;1;50;500;100;200;10;15;1;0
0.8x;random;German_17_26;70;LLB;22;1;1;0;2;0;0;2;0;50;500;100;200;10;15;0;0
0.8x;random;German_17_26;70;LLB;22;1;1;0;2;0;0;2;1;50;500;100;200;10;15;0;0
0.8x;random;German_17_26;70;LLB;22;1;1;0;2;0;0;2;0;50;500;100;200;10;15;1;0
0.8x;random;German_17_26;70;LLB;22;1;1;0;2;0;0;2;1;50;500;100;200;10;15;1;0
0.8x;random;German_17_26;70;DCB;0;1;1;0;2;0;0;2;0;50;500;100;200;10;15;0;0
0.8x;random;German_17_26;70;DCB;0;1;1;0;2;0;0;2;1;50;500;100;200;10;15;0;0
0.8x;random;German_17_26;70;DCB;0;1;1;0;2;0;0;2;0;50;500;100;200;10;15;1;0
0.8x;random;German_17_26;70;DCB;0;1;1;0;2;0;0;2;1;50;500;100;200;10;15;1;0
0.8x;random;German_17_26;70;DCB;22;1;1;0;2;0;0;2;0;50;500;100;200;10;15;0;0
0.8x;random;German_17_26;70;DCB;22;1;1;0;2;0;0;2;1;50;500;100;200;10;15;0;0
0.8x;random;German_17_26;70;DCB;22;1;1;0;2;0;0;2;0;50;500;100;200;10;15;1;0
0.8x;random;German_17_26;70;DCB;22;1;1;0;2;0;0;2;1;50;500;100;200;10;15;1;0
0.8x;random;German_17_26;40-b;LLB;0;1;1;0;2;0;0;2;0;50;500;100;200;10;15;0;0
0.8x;random;German_17_26;40-b;LLB;0;1;1;0;2;0;0;2;1;50;500;100;200;10;15;0;0
0.8x;random;German_17_26;40-b;LLB;0;1;1;0;2;0;0;2;0;50;500;100;200;10;15;1;0
0.8x;random;German_17_26;40-b;LLB;0;1;1;0;2;0;0;2;1;50;500;100;200;10;15;1;0
0.8x;random;German_17_26;40-b;LLB;22;1;1;0;2;0;0;2;0;50;500;100;200;10;15;0;0
0.8x;random;German_17_26;40-b;LLB;22;1;1;0;2;0;0;2;1;50;500;100;200;10;15;0;0
0.8x;random;German_17_26;40-b;LLB;22;1;1;0;2;0;0;2;0;50;500;100;200;10;15;1;0
0.8x;random;German_17_26;40-b;LLB;22;1;1;0;2;0;0;2;1;50;500;100;200;10;15;1;0
0.8x;random;German_17_26;40-b;DCB;0;1;1;0;2;0;0;2;0;50;500;100;200;10;15;0;0
0.8x;random;German_17_26;40-b;DCB;0;1;1;0;2;0;0;2;1;50;500;100;200;10;15;0;0
0.8x;random;German_17_26;40-b;DCB;0;1;1;0;2;0;0;2;0;50;500;100;200;10;15;1;0
0.8x;random;German_17_26;40-b;DCB;0;1;1;0;2;0;0;2;1;50;500;100;200;10;15;1;0
0.8x;random;German_17_26;40-b;DCB;22;1;1;0;2;0;0;2;0;50;500;100;200;10;15;0;0
0.8x;random;German_17_26;40-b;DCB;22;1;1;0;2;0;0;2;1;50;500;100;200;10;15;0;0
0.8x;random;German_17_26;40-b;DCB;22;1;1;0;2;0;0;2;0;50;500;100;200;10;15;1;0
0.8x;random;German_17_26;40-b;DCB;22;1;1;0;2;0;0;2;1;50;500;100;200;10;15;1;0
0.8x;random;German_17_26;20;LLB;0;1;1;0;2;0;0;2;0;50;500;100;200;10;15;0;0
0.8x;random;German_17_26;20;LLB;0;1;1;0;2;0;0;2;1;50;500;100;200;10;15;0;0
0.8x;random;German_17_26;20;LLB;0;1;1;0;2;0;0;2;0;50;500;100;200;10;15;1;0
0.8x;random;German_17_26;20;LLB;0;1;1;0;2;0;0;2;1;50;500;100;200;10;15;1;0
0.8x;random;German_17_26;20;LLB;22;1;1;0;2;0;0;2;0;50;500;100;200;10;15;0;0
0.8x;random;German_17_26;20;LLB;22;1;1;0;2;0;0;2;1;50;500;100;200;10;15;0;0
0.8x;random;German_17_26;20;LLB;22;1;1;0;2;0;0;2;0;50;500;100;200;10;15;1;0
0.8x;random;German_17_26;20;LLB;22;1;1;0;2;0;0;2;1;50;500;100;200;10;15;1;0
0.8x;random;German_17_26;20;DCB;0;1;1;0;2;0;0;2;0;50;500;100;200;10;15;0;0
0.8x;random;German_17_26;20;DCB;0;1;1;0;2;0;0;2;1;50;500;100;200;10;15;0;0
0.8x;random;German_17_26;20;DCB;0;1;1;0;2;0;0;2;0;50;500;100;200;10;15;1;0
0.8x;random;German_17_26;20;DCB;0;1;1;0;2;0;0;2;1;50;500;100;200;10;15;1;0
0.8x;random;German_17_26;20;DCB;22;1;1;0;2;0;0;2;0;50;500;100;200;10;15;0;0
0.8x;random;German_17_26;20;DCB;22;1;1;0;2;0;0;2;1;50;500;100;200;10;15;0;0
0.8x;random;German_17_26;20;DCB;22;1;1;0;2;0;0;2;0;50;500;100;200;10;15;1;0
0.8x;random;German_17_26;20;DCB;22;1;1;0;2;0;0;2;1;50;500;100;200;10;15;1;0
0.8x;random;German_17_26;90;LLB;0;1;1;0;2;0;0;2;0;50;500;100;200;10;15;0;0
0.8x;random;German_17_26;90;LLB;0;1;1;0;2;0;0;2;1;50;500;100;200;10;15;0;0
0.8x;random;German_17_26;90;LLB;0;1;1;0;2;0;0;2;0;50;500;100;200;10;15;1;0
0.8x;random;German_17_26;90;LLB;0;1;1;0;2;0;0;2;1;50;500;100;200;10;15;1;0
0.8x;random;German_17_26;90;LLB;22;1;1;0;2;0;0;2;0;50;500;100;200;10;15;0;0
0.8x;random;German_17_26;90;LLB;22;1;1;0;2;0;0;2;1;50;500;100;200;10;15;0;0
0.8x;random;German_17_26;90;LLB;22;1;1;0;2;0;0;2;0;50;500;100;200;10;15;1;0
0.8x;random;German_17_26;90;LLB;22;1;1;0;2;0;0;2;1;50;500;100;200;10;15;1;0
0.8x;random;German_17_26;90;DCB;0;1;1;0;2;0;0;2;0;50;500;100;200;10;15;0;0
0.8x;random;German_17_26;90;DCB;0;1;1;0;2;0;0;2;1;50;500;100;200;10;15;0;0
0.8x;random;German_17_26;90;DCB;0;1;1;0;2;0;0;2;0;50;500;100;200;10;15;1;0
0.8x;random;German_17_26;90;DCB;0;1;1;0;2;0;0;2;1;50;500;100;200;10;15;1;0
0.8x;random;German_17_26;90;DCB;22;1;1;0;2;0;0;2;0;50;500;100;200;10;15;0;0
0.8x;random;German_17_26;90;DCB;22;1;1;0;2;0;0;2;1;50;500;100;200;10;15;0;0
0.8x;random;German_17_26;90;DCB;22;1;1;0;2;0;0;2;0;50;500;100;200;10;15;1;0
0.8x;random;German_17_26;90;DCB;22;1;1;0;2;0;0;2;1;50;500;100;200;10;15;1;0
0.8x;random;German_17_26;30-b;LLB;0;1;1;0;2;0;0;2;0;50;500;100;200;10;15;0;0
0.8x;random;German_17_26;30-b;LLB;0;1;1;0;2;0;0;2;1;50;500;100;200;10;15;0;0
0.8x;random;German_17_26;30-b;LLB;0;1;1;0;2;0;0;2;0;50;500;100;200;10;15;1;0
0.8x;random;German_17_26;30-b;LLB;0;1;1;0;2;0;0;2;1;50;500;100;200;10;15;1;0
0.8x;random;German_17_26;30-b;LLB;22;1;1;0;2;0;0;2;0;50;500;100;200;10;15;0;0
0.8x;random;German_17_26;30-b;LLB;22;1;1;0;2;0;0;2;1;50;500;100;200;10;15;0;0
0.8x;random;German_17_26;30-b;LLB;22;1;1;0;2;0;0;2;0;50;500;100;200;10;15;1;0
0.8x;random;German_17_26;30-b;LLB;22;1;1;0;2;0;0;2;1;50;500;100;200;10;15;1;0
0.8x;random;German_17_26;30-b;DCB;0;1;1;0;2;0;0;2;0;50;500;100;200;10;15;0;0
0.8x;random;German_17_26;30-b;DCB;0;1;1;0;2;0;0;2;1;50;500;100;200;10;15;0;0
0.8x;random;German_17_26;30-b;DCB;0;1;1;0;2;0;0;2;0;50;500;100;200;10;15;1;0
0.8x;random;German_17_26;30-b;DCB;0;1;1;0;2;0;0;2;1;50;500;100;200;10;15;1;0
0.8x;random;German_17_26;30-b;DCB;22;1;1;0;2;0;0;2;0;50;500;100;200;10;15;0;0
0.8x;random;German_17_26;30-b;DCB;22;1;1;0;2;0;0;2;1;50;500;100;200;10;15;0;0
0.8x;random;German_17_26;30-b;DCB;22;1;1;0;2;0;0;2;0;50;500;100;200;10;15;1;0
0.8x;random;German_17_26;30-b;DCB;22;1;1;0;2;0;0;2;1;50;500;100;200;10;15;1;0
0.8x;random;German_17_26;50-b;LLB;0;1;1;0;2;0;0;2;0;50;500;100;200;10;15;0;0
0.8x;random;German_17_26;50-b;LLB;0;1;1;0;2;0;0;2;1;50;500;100;200;10;15;0;0
0.8x;random;German_17_26;50-b;LLB;0;1;1;0;2;0;0;2;0;50;500;100;200;10;15;1;0
0.8x;random;German_17_26;50-b;LLB;0;1;1;0;2;0;0;2;1;50;500;100;200;10;15;1;0
0.8x;random;German_17_26;50-b;LLB;22;1;1;0;2;0;0;2;0;50;500;100;200;10;15;0;0
0.8x;random;German_17_26;50-b;LLB;22;1;1;0;2;0;0;2;1;50;500;100;200;10;15;0;0
0.8x;random;German_17_26;50-b;LLB;22;1;1;0;2;0;0;2;0;50;500;100;200;10;15;1;0
0.8x;random;German_17_26;50-b;LLB;22;1;1;0;2;0;0;2;1;50;500;100;200;10;15;1;0
0.8x;random;German_17_26;50-b;DCB;0;1;1;0;2;0;0;2;0;50;500;100;200;10;15;0;0
0.8x;random;German_17_26;50-b;DCB;0;1;1;0;2;0;0;2;1;50;500;100;200;10;15;0;0
0.8x;random;German_17_26;50-b;DCB;0;1;1;0;2;0;0;2;0;50;500;100;200;10;15;1;0
0.8x;random;German_17_26;50-b;DCB;0;1;1;0;2;0;0;2;1;50;500;100;200;10;15;1;0
0.8x;random;German_17_26;50-b;DCB;22;1;1;0;2;0;0;2;0;50;500;100;200;10;15;0;0
0.8x;random;German_17_26;50-b;DCB;22;1;1;0;2;0;0;2;1;50;500;100;200;10;15;0;0
0.8x;random;German_17_26;50-b;DCB;22;1;1;0;2;0;0;2;0;50;500;100;200;10;15;1;0
0.8x;random;German_17_26;50-b;DCB;22;1;1;0;2;0;0;2;1;50;500;100;200;10;15;1;0
0.8x;random;German_17_26;70-b-b;LLB;0;1;1;0;2;0;0;2;0;50;500;100;200;10;15;0;0
0.8x;random;German_17_26;70-b-b;LLB;0;1;1;0;2;0;0;2;1;50;500;100;200;10;15;0;0
0.8x;random;German_17_26;70-b-b;LLB;0;1;1;0;2;0;0;2;0;50;500;100;200;10;15;1;0
0.8x;random;German_17_26;70-b-b;LLB;0;1;1;0;2;0;0;2;1;50;500;100;200;10;15;1;0
0.8x;random;German_17_26;70-b-b;LLB;22;1;1;0;2;0;0;2;0;50;500;100;200;10;15;0;0
0.8x;random;German_17_26;70-b-b;LLB;22;1;1;0;2;0;0;2;1;50;500;100;200;10;15;0;0
0.8x;random;German_17_26;70-b-b;LLB;22;1;1;0;2;0;0;2;0;50;500;100;200;10;15;1;0
0.8x;random;German_17_26;70-b-b;LLB;22;1;1;0;2;0;0;2;1;50;500;100;200;10;15;1;0
0.8x;random;German_17_26;70-b-b;DCB;0;1;1;0;2;0;0;2;0;50;500;100;200;10;15;0;0
0.8x;random;German_17_26;70-b-b;DCB;0;1;1;0;2;0;0;2;1;50;500;100;200;10;15;0;0
0.8x;random;German_17_26;70-b-b;DCB;0;1;1;0;2;0;0;2;0;50;500;100;200;10;15;1;0
0.8x;random;German_17_26;70-b-b;DCB;0;1;1;0;2;0;0;2;1;50;500;100;200;10;15;1;0
0.8x;random;German_17_26;70-b-b;DCB;22;1;1;0;2;0;0;2;0;50;500;100;200;10;15;0;0
0.8x;random;German_17_26;70-b-b;DCB;22;1;1;0;2;0;0;2;1;50;500;100;200;10;15;0;0
0.8x;random;German_17_26;70-b-b;DCB;22;1;1;0;2;0;0;2;0;50;500;100;200;10;15;1;0
0.8x;random;German_17_26;70-b-b;DCB;22;1;1;0;2;0;0;2;1;50;500;100;200;10;15;1;0
0.8x;random;German_17_26;20-b;LLB;0;1;1;0;2;0;0;2;0;50;500;100;200;10;15;0;0
0.8x;random;German_17_26;20-b;LLB;0;1;1;0;2;0;0;2;1;50;500;100;200;10;15;0;0
0.8x;random;German_17_26;20-b;LLB;0;1;1;0;2;0;0;2;0;50;500;100;200;10;15;1;0
0.8x;random;German_17_26;20-b;LLB;0;1;1;0;2;0;0;2;1;50;500;100;200;10;15;1;0
0.8x;random;German_17_26;20-b;LLB;22;1;1;0;2;0;0;2;0;50;500;100;200;10;15;0;0
0.8x;random;German_17_26;20-b;LLB;22;1;1;0;2;0;0;2;1;50;500;100;200;10;15;0;0
0.8x;random;German_17_26;20-b;LLB;22;1;1;0;2;0;0;2;0;50;500;100;200;10;15;1;0
0.8x;random;German_17_26;20-b;LLB;22;1;1;0;2;0;0;2;1;50;500;100;200;10;15;1;0
0.8x;random;German_17_26;20-b;DCB;0;1;1;0;2;0;0;2;0;50;500;100;200;10;15;0;0
0.8x;random;German_17_26;20-b;DCB;0;1;1;0;2;0;0;2;1;50;500;100;200;10;15;0;0
0.8x;random;German_17_26;20-b;DCB;0;1;1;0;2;0;0;2;0;50;500;100;200;10;15;1;0
0.8x;random;German_17_26;20-b;DCB;0;1;1;0;2;0;0;2;1;50;500;100;200;10;15;1;0
0.8x;random;German_17_26;20-b;DCB;22;1;1;0;2;0;0;2;0;50;500;100;200;10;15;0;0
0.8x;random;German_17_26;20-b;DCB;22;1;1;0;2;0;0;2;1;50;500;100;200;10;15;0;0
0.8x;random;German_17_26;20-b;DCB;22;1;1;0;2;0;0;2;0;50;500;100;200;10;15;1;0
0.8x;random;German_17_26;20-b;DCB;22;1;1;0;2;0;0;2;1;50;500;100;200;10;15;1;0
0.8x;random;German_17_26;60-b;LLB;0;1;1;0;2;0;0;2;0;50;500;100;200;10;15;0;0
0.8x;random;German_17_26;60-b;LLB;0;1;1;0;2;0;0;2;1;50;500;100;200;10;15;0;0
0.8x;random;German_17_26;60-b;LLB;0;1;1;0;2;0;0;2;0;50;500;100;200;10;15;1;0
0.8x;random;German_17_26;60-b;LLB;0;1;1;0;2;0;0;2;1;50;500;100;200;10;15;1;0
0.8x;random;German_17_26;60-b;LLB;22;1;1;0;2;0;0;2;0;50;500;100;200;10;15;0;0
0.8x;random;German_17_26;60-b;LLB;22;1;1;0;2;0;0;2;1;50;500;100;200;10;15;0;0
0.8x;random;German_17_26;60-b;LLB;22;1;1;0;2;0;0;2;0;50;500;100;200;10;15;1;0
0.8x;random;German_17_26;60-b;LLB;22;1;1;0;2;0;0;2;1;50;500;100;200;10;15;1;0
0.8x;random;German_17_26;60-b;DCB;0;1;1;0;2;0;0;2;0;50;500;100;200;10;15;0;0
0.8x;random;German_17_26;60-b;DCB;0;1;1;0;2;0;0;2;1;50;500;100;200;10;15;0;0
0.8x;random;German_17_26;60-b;DCB;0;1;1;0;2;0;0;2;0;50;500;100;200;10;15;1;0
0.8x;random;German_17_26;60-b;DCB;0;1;1;0;2;0;0;2;1;50;500;100;200;10;15;1;0
0.8x;random;German_17_26;60-b;DCB;22;1;1;0;2;0;0;2;0;50;500;100;200;10;15;0;0
0.8x;random;German_17_26;60-b;DCB;22;1;1;0;2;0;0;2;1;50;500;100;200;10;15;0;0
0.8x;random;German_17_26;60-b;DCB;22;1;1;0;2;0;0;2;0;50;500;100;200;10;15;1;0
0.8x;random;German_17_26;60-b;DCB;22;1;1;0;2;0;0;2;1;50;500;100;200;10;15;1;0
0.8x;random;German_17_26;30;LLB;0;1;1;0;2;0;0;2;0;50;500;100;200;10;15;0;0
0.8x;random;German_17_26;30;LLB;0;1;1;0;2;0;0;2;1;50;500;100;200;10;15;0;0
0.8x;random;German_17_26;30;LLB;0;1;1;0;2;0;0;2;0;50;500;100;200;10;15;1;0
0.8x;random;German_17_26;30;LLB;0;1;1;0;2;0;0;2;1;50;500;100;200;10;15;1;0
0.8x;random;German_17_26;30;LLB;22;1;1;0;2;0;0;2;0;50;500;100;200;10;15;0;0
0.8x;random;German_17_26;30;LLB;22;1;1;0;2;0;0;2;1;50;500;100;200;10;15;0;0
0.8x;random;German_17_26;30;LLB;22;1;1;0;2;0;0;2;0;50;500;100;200;10;15;1;0
0.8x;random;German_17_26;30;LLB;22;1;1;0;2;0;0;2;1;50;500;100;200;10;15;1;0
0.8x;random;German_17_26;30;DCB;0;1;1;0;2;0;0;2;0;50;500;100;200;10;15;0;0
0.8x;random;German_17_26;30;DCB;0;1;1;0;2;0;0;2;1;50;500;100;200;10;15;0;0
0.8x;random;German_17_26;30;DCB;0;1;1;0;2;0;0;2;0;50;500;100;200;10;15;1;0
0.8x;random;German_17_26;30;DCB;0;1;1;0;2;0;0;2;1;50;500;100;200;10;15;1;0
0.8x;random;German_17_26;30;DCB;22;1;1;0;2;0;0;2;0;50;500;100;200;10;15;0;0
0.8x;random;German_17_26;30;DCB;22;1;1;0;2;0;0;2;1;50;500;100;200;10;15;0;0
0.8x;random;German_17_26;30;DCB;22;1;1;0;2;0;0;2;0;50;500;100;200;10;15;1;0
0.8x;random;German_17_26;30;DCB;22;1;1;0;2;0;0;2;1;50;500;100;200;10;15;1;0
0.8x;random;German_17_26;50;LLB;0;1;1;0;2;0;0;2;0;50;500;100;200;10;15;0;0
0.8x;random;German_17_26;50;LLB;0;1;1;0;2;0;0;2;1;50;500;100;200;10;15;0;0
0.8x;random;German_17_26;50;LLB;0;1;1;0;2;0;0;2;0;50;500;100;200;10;15;1;0
0.8x;random;German_17_26;50;LLB;0;1;1;0;2;0;0;2;1;50;500;100;200;10;15;1;0
0.8x;random;German_17_26;50;LLB;22;1;1;0;2;0;0;2;0;50;500;100;200;10;15;0;0
0.8x;random;German_17_26;50;LLB;22;1;1;0;2;0;0;2;1;50;500;100;200;10;15;0;0
0.8x;random;German_17_26;50;LLB;22;1;1;0;2;0;0;2;0;50;500;100;200;10;15;1;0
0.8x;random;German_17_26;50;LLB;22;1;1;0;2;0;0;2;1;50;500;100;200;10;15;1;0
0.8x;random;German_17_26;50;DCB;0;1;1;0;2;0;0;2;0;50;500;100;200;10;15;0;0
0.8x;random;German_17_26;50;DCB;0;1;1;0;2;0;0;2;1;50;500;100;200;10;15;0;0
0.8x;random;German_17_26;50;DCB;0;1;1;0;2;0;0;2;0;50;500;100;200;10;15;1;0
0.8x;random;German_17_26;50;DCB;0;1;1;0;2;0;0;2;1;50;500;100;200;10;15;1;0
0.8x;random;German_17_26;50;DCB;22;1;1;0;2;0;0;2;0;50;500;100;200;10;15;0;0
0.8x;random;German_17_26;50;DCB;22;1;1;0;2;0;0;2;1;50;500;100;200;10;15;0;0
0.8x;random;German_17_26;50;DCB;22;1;1;0;2;0;0;2;0;50;500;100;200;10;15;1;0
0.8x;random;German_17_26;50;DCB;22;1;1;0;2;0;0;2;1;50;500;100;200;10;15;1;0
0.8x;random;German_17_26;60-b-b;LLB;0;1;1;0;2;0;0;2;0;50;500;100;200;10;15;0;0
0.8x;random;German_17_26;60-b-b;LLB;0;1;1;0;2;0;0;2;1;50;500;100;200;10;15;0;0
0.8x;random;German_17_26;60-b-b;LLB;0;1;1;0;2;0;0;2;0;50;500;100;200;10;15;1;0
0.8x;random;German_17_26;60-b-b;LLB;0;1;1;0;2;0;0;2;1;50;500;100;200;10;15;1;0
0.8x;random;German_17_26;60-b-b;LLB;22;1;1;0;2;0;0;2;0;50;500;100;200;10;15;0;0
0.8x;random;German_17_26;60-b-b;LLB;22;1;1;0;2;0;0;2;1;50;500;100;200;10;15;0;0
0.8x;random;German_17_26;60-b-b;LLB;22;1;1;0;2;0;0;2;0;50;500;100;200;10;15;1;0
0.8x;random;German_17_26;60-b-b;LLB;22;1;1;0;2;0;0;2;1;50;500;100;200;10;15;1;0
0.8x;random;German_17_26;60-b-b;DCB;0;1;1;0;2;0;0;2;0;50;500;100;200;10;15;0;0
0.8x;random;German_17_26;60-b-b;DCB;0;1;1;0;2;0;0;2;1;50;500;100;200;10;15;0;0
0.8x;random;German_17_26;60-b-b;DCB;0;1;1;0;2;0;0;2;0;50;500;100;200;10;15;1;0
0.8x;random;German_17_26;60-b-b;DCB;0;1;1;0;2;0;0;2;1;50;500;100;200;10;15;1;0
0.8x;random;German_17_26;60-b-b;DCB;22;1;1;0;2;0;0;2;0;50;500;100;200;10;15;0;0
0.8x;random;German_17_26;60-b-b;DCB;22;1;1;0;2;0;0;2;1;50;500;100;200;10;15;0;0
0.8x;random;German_17_26;60-b-b;DCB;22;1;1;0;2;0;0;2;0;50;500;100;200;10;15;1;0
0.8x;random;German_17_26;60-b-b;DCB;22;1;1;0;2;0;0;2;1;50;500;100;200;10;15;1;0
0.8x;random;German_17_26;100-b-b;LLB;0;1;1;0;2;0;0;2;0;50;500;100;200;10;15;0;0
0.8x;random;German_17_26;100-b-b;LLB;0;1;1;0;2;0;0;2;1;50;500;100;200;10;15;0;0
0.8x;random;German_17_26;100-b-b;LLB;0;1;1;0;2;0;0;2;0;50;500;100;200;10;15;1;0
0.8x;random;German_17_26;100-b-b;LLB;0;1;1;0;2;0;0;2;1;50;500;100;200;10;15;1;0
0.8x;random;German_17_26;100-b-b;LLB;22;1;1;0;2;0;0;2;0;50;500;100;200;10;15;0;0
0.8x;random;German_17_26;100-b-b;LLB;22;1;1;0;2;0;0;2;1;50;500;100;200;10;15;0;0
0.8x;random;German_17_26;100-b-b;LLB;22;1;1;0;2;0;0;2;0;50;500;100;200;10;15;1;0
0.8x;random;German_17_26;100-b-b;LLB;22;1;1;0;2;0;0;2;1;50;500;100;200;10;15;1;0
0.8x;random;German_17_26;100-b-b;DCB;0;1;1;0;2;0;0;2;0;50;500;100;200;10;15;0;0
0.8x;random;German_17_26;100-b-b;DCB;0;1;1;0;2;0;0;2;1;50;500;100;200;10;15;0;0
0.8x;random;German_17_26;100-b-b;DCB;0;1;1;0;2;0;0;2;0;50;500;100;200;10;15;1;0
0.8x;random;German_17_26;100-b-b;DCB;0;1;1;0;2;0;0;2;1;50;500;100;200;10;15;1;0
0.8x;random;German_17_26;100-b-b;DCB;22;1;1;0;2;0;0;2;0;50;500;100;200;10;15;0;0
0.8x;random;German_17_26;100-b-b;DCB;22;1;1;0;2;0;0;2;1;50;500;100;200;10;15;0;0
0.8x;random;German_17_26;100-b-b;DCB;22;1;1;0;2;0;0;2;0;50;500;100;200;10;15;1;0
0.8x;random;German_17_26;100-b-b;DCB;22;1;1;0;2;0;0;2;1;50;500;100;200;10;15;1;0
0.8x;random;German_17_26;30-b-b;LLB;0;1;1;0;2;0;0;2;0;50;500;100;200;10;15;0;0
0.8x;random;German_17_26;30-b-b;LLB;0;1;1;0;2;0;0;2;1;50;500;100;200;10;15;0;0
0.8x;random;German_17_26;30-b-b;LLB;0;1;1;0;2;0;0;2;0;50;500;100;200;10;15;1;0
0.8x;random;German_17_26;30-b-b;LLB;0;1;1;0;2;0;0;2;1;50;500;100;200;10;15;1;0
0.8x;random;German_17_26;30-b-b;LLB;22;1;1;0;2;0;0;2;0;50;500;100;200;10;15;0;0
0.8x;random;German_17_26;30-b-b;LLB;22;1;1;0;2;0;0;2;1;50;500;100;200;10;15;0;0
0.8x;random;German_17_26;30-b-b;LLB;22;1;1;0;2;0;0;2;0;50;500;100;200;10;15;1;0
0.8x;random;German_17_26;30-b-b;LLB;22;1;1;0;2;0;0;2;1;50;500;100;200;10;15;1;0
0.8x;random;German_17_26;30-b-b;DCB;0;1;1;0;2;0;0;2;0;50;500;100;200;10;15;0;0
0.8x;random;German_17_26;30-b-b;DCB;0;1;1;0;2;0;0;2;1;50;500;100;200;10;15;0;0
0.8x;random;German_17_26;30-b-b;DCB;0;1;1;0;2;0;0;2;0;50;500;100;200;10;15;1;0
0.8x;random;German_17_26;30-b-b;DCB;0;1;1;0;2;0;0;2;1;50;500;100;200;10;15;1;0
0.8x;random;German_17_26;30-b-b;DCB;22;1;1;0;2;0;0;2;0;50;500;100;200;10;15;0;0
0.8x;random;German_17_26;30-b-b;DCB;22;1;1;0;2;0;0;2;1;50;500;100;200;10;15;0;0
0.8x;random;German_17_26;30-b-b;DCB;22;1;1;0;2;0;0;2;0;50;500;100;200;10;15;1;0
0.8x;random;German_17_26;30-b-b;DCB;22;1;1;0;2;0;0;2;1;50;500;100;200;10;15;1;0
0.8x;random;German_17_26;100;LLB;0;1;1;0;2;0;0;2;0;50;500;100;200;10;15;0;0
0.8x;random;German_17_26;100;LLB;0;1;1;0;2;0;0;2;1;50;500;100;200;10;15;0;0
0.8x;random;German_17_26;100;LLB;0;1;1;0;2;0;0;2;0;50;500;100;200;10;15;1;0
0.8x;random;German_17_26;100;LLB;0;1;1;0;2;0;0;2;1;50;500;100;200;10;15;1;0
0.8x;random;German_17_26;100;LLB;22;1;1;0;2;0;0;2;0;50;500;100;200;10;15;0;0
0.8x;random;German_17_26;100;LLB;22;1;1;0;2;0;0;2;1;50;500;100;200;10;15;0;0
0.8x;random;German_17_26;100;LLB;22;1;1;0;2;0;0;2;0;50;500;100;200;10;15;1;0
0.8x;random;German_17_26;100;LLB;22;1;1;0;2;0;0;2;1;50;500;100;200;10;15;1;0
0.8x;random;German_17_26;100;DCB;0;1;1;0;2;0;0;2;0;50;500;100;200;10;15;0;0
0.8x;random;German_17_26;100;DCB;0;1;1;0;2;0;0;2;1;50;500;100;200;10;15;0;0
0.8x;random;German_17_26;100;DCB;0;1;1;0;2;0;0;2;0;50;500;100;200;10;15;1;0
0.8x;random;German_17_26;100;DCB;0;1;1;0;2;0;0;2;1;50;500;100;200;10;15;1;0
0.8x;random;German_17_26;100;DCB;22;1;1;0;2;0;0;2;0;50;500;100;200;10;15;0;0
0.8x;random;German_17_26;100;DCB;22;1;1;0;2;0;0;2;1;50;500;100;200;10;15;0;0
0.8x;random;German_17_26;100;DCB;22;1;1;0;2;0;0;2;0;50;500;100;200;10;15;1;0
0.8x;random;German_17_26;100;DCB;22;1;1;0;2;0;0;2;1;50;500;100;200;10;15;1;0
0.8x;random;German_17_26;70-b;LLB;0;1;1;0;2;0;0;2;0;50;500;100;200;10;15;0;0
0.8x;random;German_17_26;70-b;LLB;0;1;1;0;2;0;0;2;1;50;500;100;200;10;15;0;0
0.8x;random;German_17_26;70-b;LLB;0;1;1;0;2;0;0;2;0;50;500;100;200;10;15;1;0
0.8x;random;German_17_26;70-b;LLB;0;1;1;0;2;0;0;2;1;50;500;100;200;10;15;1;0
0.8x;random;German_17_26;70-b;LLB;22;1;1;0;2;0;0;2;0;50;500;100;200;10;15;0;0
0.8x;random;German_17_26;70-b;LLB;22;1;1;0;2;0;0;2;1;50;500;100;200;10;15;0;0
0.8x;random;German_17_26;70-b;LLB;22;1;1;0;2;0;0;2;0;50;500;100;200;10;15;1;0
0.8x;random;German_17_26;70-b;LLB;22;1;1;0;2;0;0;2;1;50;500;100;200;10;15;1;0
0.8x;random;German_17_26;70-b;DCB;0;1;1;0;2;0;0;2;0;50;500;100;200;10;15;0;0
0.8x;random;German_17_26;70-b;DCB;0;1;1;0;2;0;0;2;1;50;500;100;200;10;15;0;0
0.8x;random;German_17_26;70-b;DCB;0;1;1;0;2;0;0;2;0;50;500;100;200;10;15;1;0
0.8x;random;German_17_26;70-b;DCB;0;1;1;0;2;0;0;2;1;50;500;100;200;10;15;1;0
0.8x;random;German_17_26;70-b;DCB;22;1;1;0;2;0;0;2;0;50;500;100;200;10;15;0;0
0.8x;random;German_17_26;70-b;DCB;22;1;1;0;2;0;0;2;1;50;500;100;200;10;15;0;0
0.8x;random;German_17_26;70-b;DCB;22;1;1;0;2;0;0;2;0;50;500;100;200;10;15;1;0
0.8x;random;German_17_26;70-b;DCB;22;1;1;0;2;0;0;2;1;50;500;100;200;10;15;1;0
0.8x;random;German_17_26;40-b-b;LLB;0;1;1;0;2;0;0;2;0;50;500;100;200;10;15;0;0
0.8x;random;German_17_26;40-b-b;LLB;0;1;1;0;2;0;0;2;1;50;500;100;200;10;15;0;0
0.8x;random;German_17_26;40-b-b;LLB;0;1;1;0;2;0;0;2;0;50;500;100;200;10;15;1;0
0.8x;random;German_17_26;40-b-b;LLB;0;1;1;0;2;0;0;2;1;50;500;100;200;10;15;1;0
0.8x;random;German_17_26;40-b-b;LLB;22;1;1;0;2;0;0;2;0;50;500;100;200;10;15;0;0
0.8x;random;German_17_26;40-b-b;LLB;22;1;1;0;2;0;0;2;1;50;500;100;200;10;15;0;0
0.8x;random;German_17_26;40-b-b;LLB;22;1;1;0;2;0;0;2;0;50;500;100;200;10;15;1;0
0.8x;random;German_17_26;40-b-b;LLB;22;1;1;0;2;0;0;2;1;50;500;100;200;10;15;1;0
0.8x;random;German_17_26;40-b-b;DCB;0;1;1;0;2;0;0;2;0;50;500;100;200;10;15;0;0
0.8x;random;German_17_26;40-b-b;DCB;0;1;1;0;2;0;0;2;1;50;500;100;200;10;15;0;0
0.8x;random;German_17_26;40-b-b;DCB;0;1;1;0;2;0;0;2;0;50;500;100;200;10;15;1;0
0.8x;random;German_17_26;40-b-b;DCB;0;1;1;0;2;0;0;2;1;50;500;100;200;10;15;1;0
0.8x;random;German_17_26;40-b-b;DCB;22;1;1;0;2;0;0;2;0;50;500;100;200;10;15;0;0
0.8x;random;German_17_26;40-b-b;DCB;22;1;1;0;2;0;0;2;1;50;500;100;200;10;15;0;0
0.8x;random;German_17_26;40-b-b;DCB;22;1;1;0;2;0;0;2;0;50;500;100;200;10;15;1;0
0.8x;random;German_17_26;40-b-b;DCB;22;1;1;0;2;0;0;2;1;50;500;100;200;10;15;1;0
0.8x;random;German_17_26;80-b;LLB;0;1;1;0;2;0;0;2;0;50;500;100;200;10;15;0;0
0.8x;random;German_17_26;80-b;LLB;0;1;1;0;2;0;0;2;1;50;500;100;200;10;15;0;0
0.8x;random;German_17_26;80-b;LLB;0;1;1;0;2;0;0;2;0;50;500;100;200;10;15;1;0
0.8x;random;German_17_26;80-b;LLB;0;1;1;0;2;0;0;2;1;50;500;100;200;10;15;1;0
0.8x;random;German_17_26;80-b;LLB;22;1;1;0;2;0;0;2;0;50;500;100;200;10;15;0;0
0.8x;random;German_17_26;80-b;LLB;22;1;1;0;2;0;0;2;1;50;500;100;200;10;15;0;0
0.8x;random;German_17_26;80-b;LLB;22;1;1;0;2;0;0;2;0;50;500;100;200;10;15;1;0
0.8x;random;German_17_26;80-b;LLB;22;1;1;0;2;0;0;2;1;50;500;100;200;10;15;1;0
0.8x;random;German_17_26;80-b;DCB;0;1;1;0;2;0;0;2;0;50;500;100;200;10;15;0;0
0.8x;random;German_17_26;80-b;DCB;0;1;1;0;2;0;0;2;1;50;500;100;200;10;15;0;0
0.8x;random;German_17_26;80-b;DCB;0;1;1;0;2;0;0;2;0;50;500;100;200;10;15;1;0
0.8x;random;German_17_26;80-b;DCB;0;1;1;0;2;0;0;2;1;50;500;100;200;10;15;1;0
0.8x;random;German_17_26;80-b;DCB;22;1;1;0;2;0;0;2;0;50;500;100;200;10;15;0;0
0.8x;random;German_17_26;80-b;DCB;22;1;1;0;2;0;0;2;1;50;500;100;200;10;15;0;0
0.8x;random;German_17_26;80-b;DCB;22;1;1;0;2;0;0;2;0;50;500;100;200;10;15;1;0
0.8x;random;German_17_26;80-b;DCB;22;1;1;0;2;0;0;2;1;50;500;100;200;10;15;1;0
0.8x;random;European_18_40;80-b-b;LLB;0;1;1;0;2;0;0;2;0;50;500;100;200;10;15;0;0
0.8x;random;European_18_40;80-b-b;LLB;0;1;1;0;2;0;0;2;1;50;500;100;200;10;15;0;0
0.8x;random;European_18_40;80-b-b;LLB;0;1;1;0;2;0;0;2;0;50;500;100;200;10;15;1;0
0.8x;random;European_18_40;80-b-b;LLB;0;1;1;0;2;0;0;2;1;50;500;100;200;10;15;1;0
0.8x;random;European_18_40;80-b-b;LLB;22;1;1;0;2;0;0;2;0;50;500;100;200;10;15;0;0
0.8x;random;European_18_40;80-b-b;LLB;22;1;1;0;2;0;0;2;1;50;500;100;200;10;15;0;0
0.8x;random;European_18_40;80-b-b;LLB;22;1;1;0;2;0;0;2;0;50;500;100;200;10;15;1;0
0.8x;random;European_18_40;80-b-b;LLB;22;1;1;0;2;0;0;2;1;50;500;100;200;10;15;1;0
0.8x;random;European_18_40;80-b-b;DCB;0;1;1;0;2;0;0;2;0;50;500;100;200;10;15;0;0
0.8x;random;European_18_40;80-b-b;DCB;0;1;1;0;2;0;0;2;1;50;500;100;200;10;15;0;0
0.8x;random;European_18_40;80-b-b;DCB;0;1;1;0;2;0;0;2;0;50;500;100;200;10;15;1;0
0.8x;random;European_18_40;80-b-b;DCB;0;1;1;0;2;0;0;2;1;50;500;100;200;10;15;1;0
0.8x;random;European_18_40;80-b-b;DCB;22;1;1;0;2;0;0;2;0;50;500;100;200;10;15;0;0
0.8x;random;European_18_40;80-b-b;DCB;22;1;1;0;2;0;0;2;1;50;500;100;200;10;15;0;0
0.8x;random;European_18_40;80-b-b;DCB;22;1;1;0;2;0;0;2;0;50;500;100;200;10;15;1;0
0.8x;random;European_18_40;80-b-b;DCB;22;1;1;0;2;0;0;2;1;50;500;100;200;10;15;1;0
0.8x;random;European_18_40;90-b-b;LLB;0;1;1;0;2;0;0;2;0;50;500;100;200;10;15;0;0
0.8x;random;European_18_40;90-b-b;LLB;0;1;1;0;2;0;0;2;1;50;500;100;200;10;15;0;0
0.8x;random;European_18_40;90-b-b;LLB;0;1;1;0;2;0;0;2;0;50;500;100;200;10;15;1;0
0.8x;random;European_18_40;90-b-b;LLB;0;1;1;0;2;0;0;2;1;50;500;100;200;10;15;1;0
0.8x;random;European_18_40;90-b-b;LLB;22;1;1;0;2;0;0;2;0;50;500;100;200;10;15;0;0
0.8x;random;European_18_40;90-b-b;LLB;22;1;1;0;2;0;0;2;1;50;500;100;200;10;15;0;0
0.8x;random;European_18_40;90-b-b;LLB;22;1;1;0;2;0;0;2;0;50;500;100;200;10;15;1;0
0.8x;random;European_18_40;90-b-b;LLB;22;1;1;0;2;0;0;2;1;50;500;100;200;10;15;1;0
0.8x;random;European_18_40;90-b-b;DCB;0;1;1;0;2;0;0;2;0;50;500;100;200;10;15;0;0
0.8x;random;European_18_40;90-b-b;DCB;0;1;1;0;2;0;0;2;1;50;500;100;200;10;15;0;0
0.8x;random;European_18_40;90-b-b;DCB;0;1;1;0;2;0;0;2;0;50;500;100;200;10;15;1;0
0.8x;random;European_18_40;90-b-b;DCB;0;1;1;0;2;0;0;2;1;50;500;100;200;10;15;1;0
0.8x;random;European_18_40;90-b-b;DCB;22;1;1;0;2;0;0;2;0;50;500;100;200;10;15;0;0
0.8x;random;European_18_40;90-b-b;DCB;22;1;1;0;2;0;0;2;1;50;500;100;200;10;15;0;0
0.8x;random;European_18_40;90-b-b;DCB;22;1;1;0;2;0;0;2;0;50;500;100;200;10;15;1;0
0.8x;random;European_18_40;90-b-b;DCB;22;1;1;0;2;0;0;2;1;50;500;100;200;10;15;1;0
0.8x;random;European_18_40;60;LLB;0;1;1;0;2;0;0;2;0;50;500;100;200;10;15;0;0
0.8x;random;European_18_40;60;LLB;0;1;1;0;2;0;0;2;1;50;500;100;200;10;15;0;0
0.8x;random;European_18_40;60;LLB;0;1;1;0;2;0;0;2;0;50;500;100;200;10;15;1;0
0.8x;random;European_18_40;60;LLB;0;1;1;0;2;0;0;2;1;50;500;100;200;10;15;1;0
0.8x;random;European_18_40;60;LLB;22;1;1;0;2;0;0;2;0;50;500;100;200;10;15;0;0
0.8x;random;European_18_40;60;LLB;22;1;1;0;2;0;0;2;1;50;500;100;200;10;15;0;0
0.8x;random;European_18_40;60;LLB;22;1;1;0;2;0;0;2;0;50;500;100;200;10;15;1;0
0.8x;random;European_18_40;60;LLB;22;1;1;0;2;0;0;2;1;50;500;100;200;10;15;1;0
0.8x;random;European_18_40;60;DCB;0;1;1;0;2;0;0;2;0;50;500;100;200;10;15;0;0
0.8x;random;European_18_40;60;DCB;0;1;1;0;2;0;0;2;1;50;500;100;200;10;15;0;0
0.8x;random;European_18_40;60;DCB;0;1;1;0;2;0;0;2;0;50;500;100;200;10;15;1;0
0.8x;random;European_18_40;60;DCB;0;1;1;0;2;0;0;2;1;50;500;100;200;10;15;1;0
0.8x;random;European_18_40;60;DCB;22;1;1;0;2;0;0;2;0;50;500;100;200;10;15;0;0
0.8x;random;European_18_40;60;DCB;22;1;1;0;2;0;0;2;1;50;500;100;200;10;15;0;0
0.8x;random;European_18_40;60;DCB;22;1;1;0;2;0;0;2;0;50;500;100;200;10;15;1;0
0.8x;random;European_18_40;60;DCB;22;1;1;0;2;0;0;2;1;50;500;100;200;10;15;1;0
0.8x;random;European_18_40;20-b-b;LLB;0;1;1;0;2;0;0;2;0;50;500;100;200;10;15;0;0
0.8x;random;European_18_40;20-b-b;LLB;0;1;1;0;2;0;0;2;1;50;500;100;200;10;15;0;0
0.8x;random;European_18_40;20-b-b;LLB;0;1;1;0;2;0;0;2;0;50;500;100;200;10;15;1;0
0.8x;random;European_18_40;20-b-b;LLB;0;1;1;0;2;0;0;2;1;50;500;100;200;10;15;1;0
0.8x;random;European_18_40;20-b-b;LLB;22;1;1;0;2;0;0;2;0;50;500;100;200;10;15;0;0
0.8x;random;European_18_40;20-b-b;LLB;22;1;1;0;2;0;0;2;1;50;500;100;200;10;15;0;0
0.8x;random;European_18_40;20-b-b;LLB;22;1;1;0;2;0;0;2;0;50;500;100;200;10;15;1;0
0.8x;random;European_18_40;20-b-b;LLB;22;1;1;0;2;0;0;2;1;50;500;100;200;10;15;1;0
0.8x;random;European_18_40;20-b-b;DCB;0;1;1;0;2;0;0;2;0;50;500;100;200;10;15;0;0
0.8x;random;European_18_40;20-b-b;DCB;0;1;1;0;2;0;0;2;1;50;500;100;200;10;15;0;0
0.8x;random;European_18_40;20-b-b;DCB;0;1;1;0;2;0;0;2;0;50;500;100;200;10;15;1;0
0.8x;random;European_18_40;20-b-b;DCB;0;1;1;0;2;0;0;2;1;50;500;100;200;10;15;1;0
0.8x;random;European_18_40;20-b-b;DCB;22;1;1;0;2;0;0;2;0;50;500;100;200;10;15;0;0
0.8x;random;European_18_40;20-b-b;DCB;22;1;1;0;2;0;0;2;1;50;500;100;200;10;15;0;0
0.8x;random;European_18_40;20-b-b;DCB;22;1;1;0;2;0;0;2;0;50;500;100;200;10;15;1;0
0.8x;random;European_18_40;20-b-b;DCB;22;1;1;0;2;0;0;2;1;50;500;100;200;10;15;1;0
0.8x;random;European_18_40;50-b-b;LLB;0;1;1;0;2;0;0;2;0;50;500;100;200;10;15;0;0
0.8x;random;European_18_40;50-b-b;LLB;0;1;1;0;2;0;0;2;1;50;500;100;200;10;15;0;0
0.8x;random;European_18_40;50-b-b;LLB;0;1;1;0;2;0;0;2;0;50;500;100;200;10;15;1;0
0.8x;random;European_18_40;50-b-b;LLB;0;1;1;0;2;0;0;2;1;50;500;100;200;10;15;1;0
0.8x;random;European_18_40;50-b-b;LLB;22;1;1;0;2;0;0;2;0;50;500;100;200;10;15;0;0
0.8x;random;European_18_40;50-b-b;LLB;22;1;1;0;2;0;0;2;1;50;500;100;200;10;15;0;0
0.8x;random;European_18_40;50-b-b;LLB;22;1;1;0;2;0;0;2;0;50;500;100;200;10;15;1;0
0.8x;random;European_18_40;50-b-b;LLB;22;1;1;0;2;0;0;2;1;50;500;100;200;10;15;1;0
0.8x;random;European_18_40;50-b-b;DCB;0;1;1;0;2;0;0;2;0;50;500;100;200;10;15;0;0
0.8x;random;European_18_40;50-b-b;DCB;0;1;1;0;2;0;0;2;1;50;500;100;200;10;15;0;0
0.8x;random;European_18_40;50-b-b;DCB;0;1;1;0;2;0;0;2;0;50;500;100;200;10;15;1;0
0.8x;random;European_18_40;50-b-b;DCB;0;1;1;0;2;0;0;2;1;50;500;100;200;10;15;1;0
0.8x;random;European_18_40;50-b-b;DCB;22;1;1;0;2;0;0;2;0;50;500;100;200;10;15;0;0
0.8x;random;European_18_40;50-b-b;DCB;22;1;1;0;2;0;0;2;1;50;500;100;200;10;15;0;0
0.8x;random;European_18_40;50-b-b;DCB;22;1;1;0;2;0;0;2;0;50;500;100;200;10;15;1;0
0.8x;random;European_18_40;50-b-b;DCB;22;1;1;0;2;0;0;2;1;50;500;100;200;10;15;1;0
0.8x;random;European_18_40;100-b;LLB;0;1;1;0;2;0;0;2;0;50;500;100;200;10;15;0;0
0.8x;random;European_18_40;100-b;LLB;0;1;1;0;2;0;0;2;1;50;500;100;200;10;15;0;0
0.8x;random;European_18_40;100-b;LLB;0;1;1;0;2;0;0;2;0;50;500;100;200;10;15;1;0
0.8x;random;European_18_40;100-b;LLB;0;1;1;0;2;0;0;2;1;50;500;100;200;10;15;1;0
0.8x;random;European_18_40;100-b;LLB;22;1;1;0;2;0;0;2;0;50;500;100;200;10;15;0;0
0.8x;random;European_18_40;100-b;LLB;22;1;1;0;2;0;0;2;1;50;500;100;200;10;15;0;0
0.8x;random;European_18_40;100-b;LLB;22;1;1;0;2;0;0;2;0;50;500;100;200;10;15;1;0
0.8x;random;European_18_40;100-b;LLB;22;1;1;0;2;0;0;2;1;50;500;100;200;10;15;1;0
0.8x;random;European_18_40;100-b;DCB;0;1;1;0;2;0;0;2;0;50;500;100;200;10;15;0;0
0.8x;random;European_18_40;100-b;DCB;0;1;1;0;2;0;0;2;1;50;500;100;200;10;15;0;0
0.8x;random;European_18_40;100-b;DCB;0;1;1;0;2;0;0;2;0;50;500;100;200;10;15;1;0
0.8x;random;European_18_40;100-b;DCB;0;1;1;0;2;0;0;2;1;50;500;100;200;10;15;1;0
0.8x;random;European_18_40;100-b;DCB;22;1;1;0;2;0;0;2;0;50;500;100;200;10;15;0;0
0.8x;random;European_18_40;100-b;DCB;22;1;1;0;2;0;0;2;1;50;500;100;200;10;15;0;0
0.8x;random;European_18_40;100-b;DCB;22;1;1;0;2;0;0;2;0;50;500;100;200;10;15;1;0
0.8x;random;European_18_40;100-b;DCB;22;1;1;0;2;0;0;2;1;50;500;100;200;10;15;1;0
0.8x;random;European_18_40;90-b;LLB;0;1;1;0;2;0;0;2;0;50;500;100;200;10;15;0;0
0.8x;random;European_18_40;90-b;LLB;0;1;1;0;2;0;0;2;1;50;500;100;200;10;15;0;0
0.8x;random;European_18_40;90-b;LLB;0;1;1;0;2;0;0;2;0;50;500;100;200;10;15;1;0
0.8x;random;European_18_40;90-b;LLB;0;1;1;0;2;0;0;2;1;50;500;100;200;10;15;1;0
0.8x;random;European_18_40;90-b;LLB;22;1;1;0;2;0;0;2;0;50;500;100;200;10;15;0;0
0.8x;random;European_18_40;90-b;LLB;22;1;1;0;2;0;0;2;1;50;500;100;200;10;15;0;0
0.8x;random;European_18_40;90-b;LLB;22;1;1;0;2;0;0;2;0;50;500;100;200;10;15;1;0
0.8x;random;European_18_40;90-b;LLB;22;1;1;0;2;0;0;2;1;50;500;100;200;10;15;1;0
0.8x;random;European_18_40;90-b;DCB;0;1;1;0;2;0;0;2;0;50;500;100;200;10;15;0;0
0.8x;random;European_18_40;90-b;DCB;0;1;1;0;2;0;0;2;1;50;500;100;200;10;15;0;0
0.8x;random;European_18_40;90-b;DCB;0;1;1;0;2;0;0;2;0;50;500;100;200;10;15;1;0
0.8x;random;European_18_40;90-b;DCB;0;1;1;0;2;0;0;2;1;50;500;100;200;10;15;1;0
0.8x;random;European_18_40;90-b;DCB;22;1;1;0;2;0;0;2;0;50;500;100;200;10;15;0;0
0.8x;random;European_18_40;90-b;DCB;22;1;1;0;2;0;0;2;1;50;500;100;200;10;15;0;0
0.8x;random;European_18_40;90-b;DCB;22;1;1;0;2;0;0;2;0;50;500;100;200;10;15;1;0
0.8x;random;European_18_40;90-b;DCB;22;1;1;0;2;0;0;2;1;50;500;100;200;10;15;1;0
0.8x;random;European_18_40;40;LLB;0;1;1;0;2;0;0;2;0;50;500;100;200;10;15;0;0
0.8x;random;European_18_40;40;LLB;0;1;1;0;2;0;0;2;1;50;500;100;200;10;15;0;0
0.8x;random;European_18_40;40;LLB;0;1;1;0;2;0;0;2;0;50;500;100;200;10;15;1;0
0.8x;random;European_18_40;40;LLB;0;1;1;0;2;0;0;2;1;50;500;100;200;10;15;1;0
0.8x;random;European_18_40;40;LLB;22;1;1;0;2;0;0;2;0;50;500;100;200;10;15;0;0
0.8x;random;European_18_40;40;LLB;22;1;1;0;2;0;0;2;1;50;500;100;200;10;15;0;0
0.8x;random;European_18_40;40;LLB;22;1;1;0;2;0;0;2;0;50;500;100;200;10;15;1;0
0.8x;random;European_18_40;40;LLB;22;1;1;0;2;0;0;2;1;50;500;100;200;10;15;1;0
0.8x;random;European_18_40;40;DCB;0;1;1;0;2;0;0;2;0;50;500;100;200;10;15;0;0
0.8x;random;European_18_40;40;DCB;0;1;1;0;2;0;0;2;1;50;500;100;200;10;15;0;0
0.8x;random;European_18_40;40;DCB;0;1;1;0;2;0;0;2;0;50;500;100;200;10;15;1;0
0.8x;random;European_18_40;40;DCB;0;1;1;0;2;0;0;2;1;50;500;100;200;10;15;1;0
0.8x;random;European_18_40;40;DCB;22;1;1;0;2;0;0;2;0;50;500;100;200;10;15;0;0
0.8x;random;European_18_40;40;DCB;22;1;1;0;2;0;0;2;1;50;500;100;200;10;15;0;0
0.8x;random;European_18_40;40;DCB;22;1;1;0;2;0;0;2;0;50;500;100;200;10;15;1;0
0.8x;random;European_18_40;40;DCB;22;1;1;0;2;0;0;2;1;50;500;100;200;10;15;1;0
0.8x;random;European_18_40;80;LLB;0;1;1;0;2;0;0;2;0;50;500;100;200;10;15;0;0
0.8x;random;European_18_40;80;LLB;0;1;1;0;2;0;0;2;1;50;500;100;200;10;15;0;0
0.8x;random;European_18_40;80;LLB;0;1;1;0;2;0;0;2;0;50;500;100;200;10;15;1;0
0.8x;random;European_18_40;80;LLB;0;1;1;0;2;0;0;2;1;50;500;100;200;10;15;1;0
0.8x;random;European_18_40;80;LLB;22;1;1;0;2;0;0;2;0;50;500;100;200;10;15;0;0
0.8x;random;European_18_40;80;LLB;22;1;1;0;2;0;0;2;1;50;500;100;200;10;15;0;0
0.8x;random;European_18_40;80;LLB;22;1;1;0;2;0;0;2;0;50;500;100;200;10;15;1;0
0.8x;random;European_18_40;80;LLB;22;1;1;0;2;0;0;2;1;50;500;100;200;10;15;1;0
0.8x;random;European_18_40;80;DCB;0;1;1;0;2;0;0;2;0;50;500;100;200;10;15;0;0
0.8x;random;European_18_40;80;DCB;0;1;1;0;2;0;0;2;1;50;500;100;200;10;15;0;0
0.8x;random;European_18_40;80;DCB;0;1;1;0;2;0;0;2;0;50;500;100;200;10;15;1;0
0.8x;random;European_18_40;80;DCB;0;1;1;0;2;0;0;2;1;50;500;100;200;10;15;1;0
0.8x;random;European_18_40;80;DCB;22;1;1;0;2;0;0;2;0;50;500;100;200;10;15;0;0
0.8x;random;European_18_40;80;DCB;22;1;1;0;2;0;0;2;1;50;500;100;200;10;15;0;0
0.8x;random;European_18_40;80;DCB;22;1;1;0;2;0;0;2;0;50;500;100;200;10;15;1;0
0.8x;random;European_18_40;80;DCB;22;1;1;0;2;0;0;2;1;50;500;100;200;10;15;1;0
0.8x;random;European_18_40;70;LLB;0;1;1;0;2;0;0;2;0;50;500;100;200;10;15;0;0
0.8x;random;European_18_40;70;LLB;0;1;1;0;2;0;0;2;1;50;500;100;200;10;15;0;0
0.8x;random;European_18_40;70;LLB;0;1;1;0;2;0;0;2;0;50;500;100;200;10;15;1;0
0.8x;random;European_18_40;70;LLB;0;1;1;0;2;0;0;2;1;50;500;100;200;10;15;1;0
0.8x;random;European_18_40;70;LLB;22;1;1;0;2;0;0;2;0;50;500;100;200;10;15;0;0
0.8x;random;European_18_40;70;LLB;22;1;1;0;2;0;0;2;1;50;500;100;200;10;15;0;0
0.8x;random;European_18_40;70;LLB;22;1;1;0;2;0;0;2;0;50;500;100;200;10;15;1;0
0.8x;random;European_18_40;70;LLB;22;1;1;0;2;0;0;2;1;50;500;100;200;10;15;1;0
0.8x;random;European_18_40;70;DCB;0;1;1;0;2;0;0;2;0;50;500;100;200;10;15;0;0
0.8x;random;European_18_40;70;DCB;0;1;1;0;2;0;0;2;1;50;500;100;200;10;15;0;0
0.8x;random;European_18_40;70;DCB;0;1;1;0;2;0;0;2;0;50;500;100;200;10;15;1;0
0.8x;random;European_18_40;70;DCB;0;1;1;0;2;0;0;2;1;50;500;100;200;10;15;1;0
0.8x;random;European_18_40;70;DCB;22;1;1;0;2;0;0;2;0;50;500;100;200;10;15;0;0
0.8x;random;European_18_40;70;DCB;22;1;1;0;2;0;0;2;1;50;500;100;200;10;15;0;0
0.8x;random;European_18_40;70;DCB;22;1;1;0;2;0;0;2;0;50;500;100;200;10;15;1;0
0.8x;random;European_18_40;70;DCB;22;1;1;0;2;0;0;2;1;50;500;100;200;10;15;1;0
0.8x;random;European_18_40;40-b;LLB;0;1;1;0;2;0;0;2;0;50;500;100;200;10;15;0;0
0.8x;random;European_18_40;40-b;LLB;0;1;1;0;2;0;0;2;1;50;500;100;200;10;15;0;0
0.8x;random;European_18_40;40-b;LLB;0;1;1;0;2;0;0;2;0;50;500;100;200;10;15;1;0
0.8x;random;European_18_40;40-b;LLB;0;1;1;0;2;0;0;2;1;50;500;100;200;10;15;1;0
0.8x;random;European_18_40;40-b;LLB;22;1;1;0;2;0;0;2;0;50;500;100;200;10;15;0;0
0.8x;random;European_18_40;40-b;LLB;22;1;1;0;2;0;0;2;1;50;500;100;200;10;15;0;0
0.8x;random;European_18_40;40-b;LLB;22;1;1;0;2;0;0;2;0;50;500;100;200;10;15;1;0
0.8x;random;European_18_40;40-b;LLB;22;1;1;0;2;0;0;2;1;50;500;100;200;10;15;1;0
0.8x;random;European_18_40;40-b;DCB;0;1;1;0;2;0;0;2;0;50;500;100;200;10;15;0;0
0.8x;random;European_18_40;40-b;DCB;0;1;1;0;2;0;0;2;1;50;500;100;200;10;15;0;0
0.8x;random;European_18_40;40-b;DCB;0;1;1;0;2;0;0;2;0;50;500;100;200;10;15;1;0
0.8x;random;European_18_40;40-b;DCB;0;1;1;0;2;0;0;2;1;50;500;100;200;10;15;1;0
0.8x;random;European_18_40;40-b;DCB;22;1;1;0;2;0;0;2;0;50;500;100;200;10;15;0;0
0.8x;random;European_18_40;40-b;DCB;22;1;1;0;2;0;0;2;1;50;500;100;200;10;15;0;0
0.8x;random;European_18_40;40-b;DCB;22;1;1;0;2;0;0;2;0;50;500;100;200;10;15;1;0
0.8x;random;European_18_40;40-b;DCB;22;1;1;0;2;0;0;2;1;50;500;100;200;10;15;1;0
0.8x;random;European_18_40;20;LLB;0;1;1;0;2;0;0;2;0;50;500;100;200;10;15;0;0
0.8x;random;European_18_40;20;LLB;0;1;1;0;2;0;0;2;1;50;500;100;200;10;15;0;0
0.8x;random;European_18_40;20;LLB;0;1;1;0;2;0;0;2;0;50;500;100;200;10;15;1;0
0.8x;random;European_18_40;20;LLB;0;1;1;0;2;0;0;2;1;50;500;100;200;10;15;1;0
0.8x;random;European_18_40;20;LLB;22;1;1;0;2;0;0;2;0;50;500;100;200;10;15;0;0
0.8x;random;European_18_40;20;LLB;22;1;1;0;2;0;0;2;1;50;500;100;200;10;15;0;0
0.8x;random;European_18_40;20;LLB;22;1;1;0;2;0;0;2;0;50;500;100;200;10;15;1;0
0.8x;random;European_18_40;20;LLB;22;1;1;0;2;0;0;2;1;50;500;100;200;10;15;1;0
0.8x;random;European_18_40;20;DCB;0;1;1;0;2;0;0;2;0;50;500;100;200;10;15;0;0
0.8x;random;European_18_40;20;DCB;0;1;1;0;2;0;0;2;1;50;500;100;200;10;15;0;0
0.8x;random;European_18_40;20;DCB;0;1;1;0;2;0;0;2;0;50;500;100;200;10;15;1;0
0.8x;random;European_18_40;20;DCB;0;1;1;0;2;0;0;2;1;50;500;100;200;10;15;1;0
0.8x;random;European_18_40;20;DCB;22;1;1;0;2;0;0;2;0;50;500;100;200;10;15;0;0
0.8x;random;European_18_40;20;DCB;22;1;1;0;2;0;0;2;1;50;500;100;200;10;15;0;0
0.8x;random;European_18_40;20;DCB;22;1;1;0;2;0;0;2;0;50;500;100;200;10;15;1;0
0.8x;random;European_18_40;20;DCB;22;1;1;0;2;0;0;2;1;50;500;100;200;10;15;1;0
0.8x;random;European_18_40;90;LLB;0;1;1;0;2;0;0;2;0;50;500;100;200;10;15;0;0
0.8x;random;European_18_40;90;LLB;0;1;1;0;2;0;0;2;1;50;500;100;200;10;15;0;0
0.8x;random;European_18_40;90;LLB;0;1;1;0;2;0;0;2;0;50;500;100;200;10;15;1;0
0.8x;random;European_18_40;90;LLB;0;1;1;0;2;0;0;2;1;50;500;100;200;10;15;1;0
0.8x;random;European_18_40;90;LLB;22;1;1;0;2;0;0;2;0;50;500;100;200;10;15;0;0
0.8x;random;European_18_40;90;LLB;22;1;1;0;2;0;0;2;1;50;500;100;200;10;15;0;0
0.8x;random;European_18_40;90;LLB;22;1;1;0;2;0;0;2;0;50;500;100;200;10;15;1;0
0.8x;random;European_18_40;90;LLB;22;1;1;0;2;0;0;2;1;50;500;100;200;10;15;1;0
0.8x;random;European_18_40;90;DCB;0;1;1;0;2;0;0;2;0;50;500;100;200;10;15;0;0
0.8x;random;European_18_40;90;DCB;0;1;1;0;2;0;0;2;1;50;500;100;200;10;15;0;0
0.8x;random;European_18_40;90;DCB;0;1;1;0;2;0;0;2;0;50;500;100;200;10;15;1;0
0.8x;random;European_18_40;90;DCB;0;1;1;0;2;0;0;2;1;50;500;100;200;10;15;1;0
0.8x;random;European_18_40;90;DCB;22;1;1;0;2;0;0;2;0;50;500;100;200;10;15;0;0
0.8x;random;European_18_40;90;DCB;22;1;1;0;2;0;0;2;1;50;500;100;200;10;15;0;0
0.8x;random;European_18_40;90;DCB;22;1;1;0;2;0;0;2;0;50;500;100;200;10;15;1;0
0.8x;random;European_18_40;90;DCB;22;1;1;0;2;0;0;2;1;50;500;100;200;10;15;1;0
0.8x;random;European_18_40;30-b;LLB;0;1;1;0;2;0;0;2;0;50;500;100;200;10;15;0;0
0.8x;random;European_18_40;30-b;LLB;0;1;1;0;2;0;0;2;1;50;500;100;200;10;15;0;0
0.8x;random;European_18_40;30-b;LLB;0;1;1;0;2;0;0;2;0;50;500;100;200;10;15;1;0
0.8x;random;European_18_40;30-b;LLB;0;1;1;0;2;0;0;2;1;50;500;100;200;10;15;1;0
0.8x;random;European_18_40;30-b;LLB;22;1;1;0;2;0;0;2;0;50;500;100;200;10;15;0;0
0.8x;random;European_18_40;30-b;LLB;22;1;1;0;2;0;0;2;1;50;500;100;200;10;15;0;0
0.8x;random;European_18_40;30-b;LLB;22;1;1;0;2;0;0;2;0;50;500;100;200;10;15;1;0
0.8x;random;European_18_40;30-b;LLB;22;1;1;0;2;0;0;2;1;50;500;100;200;10;15;1;0
0.8x;random;European_18_40;30-b;DCB;0;1;1;0;2;0;0;2;0;50;500;100;200;10;15;0;0
0.8x;random;European_18_40;30-b;DCB;0;1;1;0;2;0;0;2;1;50;500;100;200;10;15;0;0
0.8x;random;European_18_40;30-b;DCB;0;1;1;0;2;0;0;2;0;50;500;100;200;10;15;1;0
0.8x;random;European_18_40;30-b;DCB;0;1;1;0;2;0;0;2;1;50;500;100;200;10;15;1;0
0.8x;random;European_18_40;30-b;DCB;22;1;1;0;2;0;0;2;0;50;500;100;200;10;15;0;0
0.8x;random;European_18_40;30-b;DCB;22;1;1;0;2;0;0;2;1;50;500;100;200;10;15;0;0
0.8x;random;European_18_40;30-b;DCB;22;1;1;0;2;0;0;2;0;50;500;100;200;10;15;1;0
0.8x;random;European_18_40;30-b;DCB;22;1;1;0;2;0;0;2;1;50;500;100;200;10;15;1;0
0.8x;random;European_18_40;50-b;LLB;0;1;1;0;2;0;0;2;0;50;500;100;200;10;15;0;0
0.8x;random;European_18_40;50-b;LLB;0;1;1;0;2;0;0;2;1;50;500;100;200;10;15;0;0
0.8x;random;European_18_40;50-b;LLB;0;1;1;0;2;0;0;2;0;50;500;100;200;10;15;1;0
0.8x;random;European_18_40;50-b;LLB;0;1;1;0;2;0;0;2;1;50;500;100;200;10;15;1;0
0.8x;random;European_18_40;50-b;LLB;22;1;1;0;2;0;0;2;0;50;500;100;200;10;15;0;0
0.8x;random;European_18_40;50-b;LLB;22;1;1;0;2;0;0;2;1;50;500;100;200;10;15;0;0
0.8x;random;European_18_40;50-b;LLB;22;1;1;0;2;0;0;2;0;50;500;100;200;10;15;1;0
0.8x;random;European_18_40;50-b;LLB;22;1;1;0;2;0;0;2;1;50;500;100;200;10;15;1;0
0.8x;random;European_18_40;50-b;DCB;0;1;1;0;2;0;0;2;0;50;500;100;200;10;15;0;0
0.8x;random;European_18_40;50-b;DCB;0;1;1;0;2;0;0;2;1;50;500;100;200;10;15;0;0
0.8x;random;European_18_40;50-b;DCB;0;1;1;0;2;0;0;2;0;50;500;100;200;10;15;1;0
0.8x;random;European_18_40;50-b;DCB;0;1;1;0;2;0;0;2;1;50;500;100;200;10;15;1;0
0.8x;random;European_18_40;50-b;DCB;22;1;1;0;2;0;0;2;0;50;500;100;200;10;15;0;0
0.8x;random;European_18_40;50-b;DCB;22;1;1;0;2;0;0;2;1;50;500;100;200;10;15;0;0
0.8x;random;European_18_40;50-b;DCB;22;1;1;0;2;0;0;2;0;50;500;100;200;10;15;1;0
0.8x;random;European_18_40;50-b;DCB;22;1;1;0;2;0;0;2;1;50;500;100;200;10;15;1;0
0.8x;random;European_18_40;70-b-b;LLB;0;1;1;0;2;0;0;2;0;50;500;100;200;10;15;0;0
0.8x;random;European_18_40;70-b-b;LLB;0;1;1;0;2;0;0;2;1;50;500;100;200;10;15;0;0
0.8x;random;European_18_40;70-b-b;LLB;0;1;1;0;2;0;0;2;0;50;500;100;200;10;15;1;0
0.8x;random;European_18_40;70-b-b;LLB;0;1;1;0;2;0;0;2;1;50;500;100;200;10;15;1;0
0.8x;random;European_18_40;70-b-b;LLB;22;1;1;0;2;0;0;2;0;50;500;100;200;10;15;0;0
0.8x;random;European_18_40;70-b-b;LLB;22;1;1;0;2;0;0;2;1;50;500;100;200;10;15;0;0
0.8x;random;European_18_40;70-b-b;LLB;22;1;1;0;2;0;0;2;0;50;500;100;200;10;15;1;0
0.8x;random;European_18_40;70-b-b;LLB;22;1;1;0;2;0;0;2;1;50;500;100;200;10;15;1;0
0.8x;random;European_18_40;70-b-b;DCB;0;1;1;0;2;0;0;2;0;50;500;100;200;10;15;0;0
0.8x;random;European_18_40;70-b-b;DCB;0;1;1;0;2;0;0;2;1;50;500;100;200;10;15;0;0
0.8x;random;European_18_40;70-b-b;DCB;0;1;1;0;2;0;0;2;0;50;500;100;200;10;15;1;0
0.8x;random;European_18_40;70-b-b;DCB;0;1;1;0;2;0;0;2;1;50;500;100;200;10;15;1;0
0.8x;random;European_18_40;70-b-b;DCB;22;1;1;0;2;0;0;2;0;50;500;100;200;10;15;0;0
0.8x;random;European_18_40;70-b-b;DCB;22;1;1;0;2;0;0;2;1;50;500;100;200;10;15;0;0
0.8x;random;European_18_40;70-b-b;DCB;22;1;1;0;2;0;0;2;0;50;500;100;200;10;15;1;0
0.8x;random;European_18_40;70-b-b;DCB;22;1;1;0;2;0;0;2;1;50;500;100;200;10;15;1;0
0.8x;random;European_18_40;20-b;LLB;0;1;1;0;2;0;0;2;0;50;500;100;200;10;15;0;0
0.8x;random;European_18_40;20-b;LLB;0;1;1;0;2;0;0;2;1;50;500;100;200;10;15;0;0
0.8x;random;European_18_40;20-b;LLB;0;1;1;0;2;0;0;2;0;50;500;100;200;10;15;1;0
0.8x;random;European_18_40;20-b;LLB;0;1;1;0;2;0;0;2;1;50;500;100;200;10;15;1;0
0.8x;random;European_18_40;20-b;LLB;22;1;1;0;2;0;0;2;0;50;500;100;200;10;15;0;0
0.8x;random;European_18_40;20-b;LLB;22;1;1;0;2;0;0;2;1;50;500;100;200;10;15;0;0
0.8x;random;European_18_40;20-b;LLB;22;1;1;0;2;0;0;2;0;50;500;100;200;10;15;1;0
0.8x;random;European_18_40;20-b;LLB;22;1;1;0;2;0;0;2;1;50;500;100;200;10;15;1;0
0.8x;random;European_18_40;20-b;DCB;0;1;1;0;2;0;0;2;0;50;500;100;200;10;15;0;0
0.8x;random;European_18_40;20-b;DCB;0;1;1;0;2;0;0;2;1;50;500;100;200;10;15;0;0
0.8x;random;European_18_40;20-b;DCB;0;1;1;0;2;0;0;2;0;50;500;100;200;10;15;1;0
0.8x;random;European_18_40;20-b;DCB;0;1;1;0;2;0;0;2;1;50;500;100;200;10;15;1;0
0.8x;random;European_18_40;20-b;DCB;22;1;1;0;2;0;0;2;0;50;500;100;200;10;15;0;0
0.8x;random;European_18_40;20-b;DCB;22;1;1;0;2;0;0;2;1;50;500;100;200;10;15;0;0
0.8x;random;European_18_40;20-b;DCB;22;1;1;0;2;0;0;2;0;50;500;100;200;10;15;1;0
0.8x;random;European_18_40;20-b;DCB;22;1;1;0;2;0;0;2;1;50;500;100;200;10;15;1;0
0.8x;random;European_18_40;60-b;LLB;0;1;1;0;2;0;0;2;0;50;500;100;200;10;15;0;0
0.8x;random;European_18_40;60-b;LLB;0;1;1;0;2;0;0;2;1;50;500;100;200;10;15;0;0
0.8x;random;European_18_40;60-b;LLB;0;1;1;0;2;0;0;2;0;50;500;100;200;10;15;1;0
0.8x;random;European_18_40;60-b;LLB;0;1;1;0;2;0;0;2;1;50;500;100;200;10;15;1;0
0.8x;random;European_18_40;60-b;LLB;22;1;1;0;2;0;0;2;0;50;500;100;200;10;15;0;0
0.8x;random;European_18_40;60-b;LLB;22;1;1;0;2;0;0;2;1;50;500;100;200;10;15;0;0
0.8x;random;European_18_40;60-b;LLB;22;1;1;0;2;0;0;2;0;50;500;100;200;10;15;1;0
0.8x;random;European_18_40;60-b;LLB;22;1;1;0;2;0;0;2;1;50;500;100;200;10;15;1;0
0.8x;random;European_18_40;60-b;DCB;0;1;1;0;2;0;0;2;0;50;500;100;200;10;15;0;0
0.8x;random;European_18_40;60-b;DCB;0;1;1;0;2;0;0;2;1;50;500;100;200;10;15;0;0
0.8x;random;European_18_40;60-b;DCB;0;1;1;0;2;0;0;2;0;50;500;100;200;10;15;1;0
0.8x;random;European_18_40;60-b;DCB;0;1;1;0;2;0;0;2;1;50;500;100;200;10;15;1;0
0.8x;random;European_18_40;60-b;DCB;22;1;1;0;2;0;0;2;0;50;500;100;200;10;15;0;0
0.8x;random;European_18_40;60-b;DCB;22;1;1;0;2;0;0;2;1;50;500;100;200;10;15;0;0
0.8x;random;European_18_40;60-b;DCB;22;1;1;0;2;0;0;2;0;50;500;100;200;10;15;1;0
0.8x;random;European_18_40;60-b;DCB;22;1;1;0;2;0;0;2;1;50;500;100;200;10;15;1;0
0.8x;random;European_18_40;30;LLB;0;1;1;0;2;0;0;2;0;50;500;100;200;10;15;0;0
0.8x;random;European_18_40;30;LLB;0;1;1;0;2;0;0;2;1;50;500;100;200;10;15;0;0
0.8x;random;European_18_40;30;LLB;0;1;1;0;2;0;0;2;0;50;500;100;200;10;15;1;0
0.8x;random;European_18_40;30;LLB;0;1;1;0;2;0;0;2;1;50;500;100;200;10;15;1;0
0.8x;random;European_18_40;30;LLB;22;1;1;0;2;0;0;2;0;50;500;100;200;10;15;0;0
0.8x;random;European_18_40;30;LLB;22;1;1;0;2;0;0;2;1;50;500;100;200;10;15;0;0
0.8x;random;European_18_40;30;LLB;22;1;1;0;2;0;0;2;0;50;500;100;200;10;15;1;0
0.8x;random;European_18_40;30;LLB;22;1;1;0;2;0;0;2;1;50;500;100;200;10;15;1;0
0.8x;random;European_18_40;30;DCB;0;1;1;0;2;0;0;2;0;50;500;100;200;10;15;0;0
0.8x;random;European_18_40;30;DCB;0;1;1;0;2;0;0;2;1;50;500;100;200;10;15;0;0
0.8x;random;European_18_40;30;DCB;0;1;1;0;2;0;0;2;0;50;500;100;200;10;15;1;0
0.8x;random;European_18_40;30;DCB;0;1;1;0;2;0;0;2;1;50;500;100;200;10;15;1;0
0.8x;random;European_18_40;30;DCB;22;1;1;0;2;0;0;2;0;50;500;100;200;10;15;0;0
0.8x;random;European_18_40;30;DCB;22;1;1;0;2;0;0;2;1;50;500;100;200;10;15;0;0
0.8x;random;European_18_40;30;DCB;22;1;1;0;2;0;0;2;0;50;500;100;200;10;15;1;0
0.8x;random;European_18_40;30;DCB;22;1;1;0;2;0;0;2;1;50;500;100;200;10;15;1;0
0.8x;random;European_18_40;50;LLB;0;1;1;0;2;0;0;2;0;50;500;100;200;10;15;0;0
0.8x;random;European_18_40;50;LLB;0;1;1;0;2;0;0;2;1;50;500;100;200;10;15;0;0
0.8x;random;European_18_40;50;LLB;0;1;1;0;2;0;0;2;0;50;500;100;200;10;15;1;0
0.8x;random;European_18_40;50;LLB;0;1;1;0;2;0;0;2;1;50;500;100;200;10;15;1;0
0.8x;random;European_18_40;50;LLB;22;1;1;0;2;0;0;2;0;50;500;100;200;10;15;0;0
0.8x;random;European_18_40;50;LLB;22;1;1;0;2;0;0;2;1;50;500;100;200;10;15;0;0
0.8x;random;European_18_40;50;LLB;22;1;1;0;2;0;0;2;0;50;500;100;200;10;15;1;0
0.8x;random;European_18_40;50;LLB;22;1;1;0;2;0;0;2;1;50;500;100;200;10;15;1;0
0.8x;random;European_18_40;50;DCB;0;1;1;0;2;0;0;2;0;50;500;100;200;10;15;0;0
0.8x;random;European_18_40;50;DCB;0;1;1;0;2;0;0;2;1;50;500;100;200;10;15;0;0
0.8x;random;European_18_40;50;DCB;0;1;1;0;2;0;0;2;0;50;500;100;200;10;15;1;0
0.8x;random;European_18_40;50;DCB;0;1;1;0;2;0;0;2;1;50;500;100;200;10;15;1;0
0.8x;random;European_18_40;50;DCB;22;1;1;0;2;0;0;2;0;50;500;100;200;10;15;0;0
0.8x;random;European_18_40;50;DCB;22;1;1;0;2;0;0;2;1;50;500;100;200;10;15;0;0
0.8x;random;European_18_40;50;DCB;22;1;1;0;2;0;0;2;0;50;500;100;200;10;15;1;0
0.8x;random;European_18_40;50;DCB;22;1;1;0;2;0;0;2;1;50;500;100;200;10;15;1;0
0.8x;random;European_18_40;60-b-b;LLB;0;1;1;0;2;0;0;2;0;50;500;100;200;10;15;0;0
0.8x;random;European_18_40;60-b-b;LLB;0;1;1;0;2;0;0;2;1;50;500;100;200;10;15;0;0
0.8x;random;European_18_40;60-b-b;LLB;0;1;1;0;2;0;0;2;0;50;500;100;200;10;15;1;0
0.8x;random;European_18_40;60-b-b;LLB;0;1;1;0;2;0;0;2;1;50;500;100;200;10;15;1;0
0.8x;random;European_18_40;60-b-b;LLB;22;1;1;0;2;0;0;2;0;50;500;100;200;10;15;0;0
0.8x;random;European_18_40;60-b-b;LLB;22;1;1;0;2;0;0;2;1;50;500;100;200;10;15;0;0
0.8x;random;European_18_40;60-b-b;LLB;22;1;1;0;2;0;0;2;0;50;500;100;200;10;15;1;0
0.8x;random;European_18_40;60-b-b;LLB;22;1;1;0;2;0;0;2;1;50;500;100;200;10;15;1;0
0.8x;random;European_18_40;60-b-b;DCB;0;1;1;0;2;0;0;2;0;50;500;100;200;10;15;0;0
0.8x;random;European_18_40;60-b-b;DCB;0;1;1;0;2;0;0;2;1;50;500;100;200;10;15;0;0
0.8x;random;European_18_40;60-b-b;DCB;0;1;1;0;2;0;0;2;0;50;500;100;200;10;15;1;0
0.8x;random;European_18_40;60-b-b;DCB;0;1;1;0;2;0;0;2;1;50;500;100;200;10;15;1;0
0.8x;random;European_18_40;60-b-b;DCB;22;1;1;0;2;0;0;2;0;50;500;100;200;10;15;0;0
0.8x;random;European_18_40;60-b-b;DCB;22;1;1;0;2;0;0;2;1;50;500;100;200;10;15;0;0
0.8x;random;European_18_40;60-b-b;DCB;22;1;1;0;2;0;0;2;0;50;500;100;200;10;15;1;0
0.8x;random;European_18_40;60-b-b;DCB;22;1;1;0;2;0;0;2;1;50;500;100;200;10;15;1;0
0.8x;random;European_18_40;100-b-b;LLB;0;1;1;0;2;0;0;2;0;50;500;100;200;10;15;0;0
0.8x;random;European_18_40;100-b-b;LLB;0;1;1;0;2;0;0;2;1;50;500;100;200;10;15;0;0
0.8x;random;European_18_40;100-b-b;LLB;0;1;1;0;2;0;0;2;0;50;500;100;200;10;15;1;0
0.8x;random;European_18_40;100-b-b;LLB;0;1;1;0;2;0;0;2;1;50;500;100;200;10;15;1;0
0.8x;random;European_18_40;100-b-b;LLB;22;1;1;0;2;0;0;2;0;50;500;100;200;10;15;0;0
0.8x;random;European_18_40;100-b-b;LLB;22;1;1;0;2;0;0;2;1;50;500;100;200;10;15;0;0
0.8x;random;European_18_40;100-b-b;LLB;22;1;1;0;2;0;0;2;0;50;500;100;200;10;15;1;0
0.8x;random;European_18_40;100-b-b;LLB;22;1;1;0;2;0;0;2;1;50;500;100;200;10;15;1;0
0.8x;random;European_18_40;100-b-b;DCB;0;1;1;0;2;0;0;2;0;50;500;100;200;10;15;0;0
0.8x;random;European_18_40;100-b-b;DCB;0;1;1;0;2;0;0;2;1;50;500;100;200;10;15;0;0
0.8x;random;European_18_40;100-b-b;DCB;0;1;1;0;2;0;0;2;0;50;500;100;200;10;15;1;0
0.8x;random;European_18_40;100-b-b;DCB;0;1;1;0;2;0;0;2;1;50;500;100;200;10;15;1;0
0.8x;random;European_18_40;100-b-b;DCB;22;1;1;0;2;0;0;2;0;50;500;100;200;10;15;0;0
0.8x;random;European_18_40;100-b-b;DCB;22;1;1;0;2;0;0;2;1;50;500;100;200;10;15;0;0
0.8x;random;European_18_40;100-b-b;DCB;22;1;1;0;2;0;0;2;0;50;500;100;200;10;15;1;0
0.8x;random;European_18_40;100-b-b;DCB;22;1;1;0;2;0;0;2;1;50;500;100;200;10;15;1;0
0.8x;random;European_18_40;30-b-b;LLB;0;1;1;0;2;0;0;2;0;50;500;100;200;10;15;0;0
0.8x;random;European_18_40;30-b-b;LLB;0;1;1;0;2;0;0;2;1;50;500;100;200;10;15;0;0
0.8x;random;European_18_40;30-b-b;LLB;0;1;1;0;2;0;0;2;0;50;500;100;200;10;15;1;0
0.8x;random;European_18_40;30-b-b;LLB;0;1;1;0;2;0;0;2;1;50;500;100;200;10;15;1;0
0.8x;random;European_18_40;30-b-b;LLB;22;1;1;0;2;0;0;2;0;50;500;100;200;10;15;0;0
0.8x;random;European_18_40;30-b-b;LLB;22;1;1;0;2;0;0;2;1;50;500;100;200;10;15;0;0
0.8x;random;European_18_40;30-b-b;LLB;22;1;1;0;2;0;0;2;0;50;500;100;200;10;15;1;0
0.8x;random;European_18_40;30-b-b;LLB;22;1;1;0;2;0;0;2;1;50;500;100;200;10;15;1;0
0.8x;random;European_18_40;30-b-b;DCB;0;1;1;0;2;0;0;2;0;50;500;100;200;10;15;0;0
0.8x;random;European_18_40;30-b-b;DCB;0;1;1;0;2;0;0;2;1;50;500;100;200;10;15;0;0
0.8x;random;European_18_40;30-b-b;DCB;0;1;1;0;2;0;0;2;0;50;500;100;200;10;15;1;0
0.8x;random;European_18_40;30-b-b;DCB;0;1;1;0;2;0;0;2;1;50;500;100;200;10;15;1;0
0.8x;random;European_18_40;30-b-b;DCB;22;1;1;0;2;0;0;2;0;50;500;100;200;10;15;0;0
0.8x;random;European_18_40;30-b-b;DCB;22;1;1;0;2;0;0;2;1;50;500;100;200;10;15;0;0
0.8x;random;European_18_40;30-b-b;DCB;22;1;1;0;2;0;0;2;0;50;500;100;200;10;15;1;0
0.8x;random;European_18_40;30-b-b;DCB;22;1;1;0;2;0;0;2;1;50;500;100;200;10;15;1;0
0.8x;random;European_18_40;100;LLB;0;1;1;0;2;0;0;2;0;50;500;100;200;10;15;0;0
0.8x;random;European_18_40;100;LLB;0;1;1;0;2;0;0;2;1;50;500;100;200;10;15;0;0
0.8x;random;European_18_40;100;LLB;0;1;1;0;2;0;0;2;0;50;500;100;200;10;15;1;0
0.8x;random;European_18_40;100;LLB;0;1;1;0;2;0;0;2;1;50;500;100;200;10;15;1;0
0.8x;random;European_18_40;100;LLB;22;1;1;0;2;0;0;2;0;50;500;100;200;10;15;0;0
0.8x;random;European_18_40;100;LLB;22;1;1;0;2;0;0;2;1;50;500;100;200;10;15;0;0
0.8x;random;European_18_40;100;LLB;22;1;1;0;2;0;0;2;0;50;500;100;200;10;15;1;0
0.8x;random;European_18_40;100;LLB;22;1;1;0;2;0;0;2;1;50;500;100;200;10;15;1;0
0.8x;random;European_18_40;100;DCB;0;1;1;0;2;0;0;2;0;50;500;100;200;10;15;0;0
0.8x;random;European_18_40;100;DCB;0;1;1;0;2;0;0;2;1;50;500;100;200;10;15;0;0
0.8x;random;European_18_40;100;DCB;0;1;1;0;2;0;0;2;0;50;500;100;200;10;15;1;0
0.8x;random;European_18_40;100;DCB;0;1;1;0;2;0;0;2;1;50;500;100;200;10;15;1;0
0.8x;random;European_18_40;100;DCB;22;1;1;0;2;0;0;2;0;50;500;100;200;10;15;0;0
0.8x;random;European_18_40;100;DCB;22;1;1;0;2;0;0;2;1;50;500;100;200;10;15;0;0
0.8x;random;European_18_40;100;DCB;22;1;1;0;2;0;0;2;0;50;500;100;200;10;15;1;0
0.8x;random;European_18_40;100;DCB;22;1;1;0;2;0;0;2;1;50;500;100;200;10;15;1;0
0.8x;random;European_18_40;70-b;LLB;0;1;1;0;2;0;0;2;0;50;500;100;200;10;15;0;0
0.8x;random;European_18_40;70-b;LLB;0;1;1;0;2;0;0;2;1;50;500;100;200;10;15;0;0
0.8x;random;European_18_40;70-b;LLB;0;1;1;0;2;0;0;2;0;50;500;100;200;10;15;1;0
0.8x;random;European_18_40;70-b;LLB;0;1;1;0;2;0;0;2;1;50;500;100;200;10;15;1;0
0.8x;random;European_18_40;70-b;LLB;22;1;1;0;2;0;0;2;0;50;500;100;200;10;15;0;0
0.8x;random;European_18_40;70-b;LLB;22;1;1;0;2;0;0;2;1;50;500;100;200;10;15;0;0
0.8x;random;European_18_40;70-b;LLB;22;1;1;0;2;0;0;2;0;50;500;100;200;10;15;1;0
0.8x;random;European_18_40;70-b;LLB;22;1;1;0;2;0;0;2;1;50;500;100;200;10;15;1;0
0.8x;random;European_18_40;70-b;DCB;0;1;1;0;2;0;0;2;0;50;500;100;200;10;15;0;0
0.8x;random;European_18_40;70-b;DCB;0;1;1;0;2;0;0;2;1;50;500;100;200;10;15;0;0
0.8x;random;European_18_40;70-b;DCB;0;1;1;0;2;0;0;2;0;50;500;100;200;10;15;1;0
0.8x;random;European_18_40;70-b;DCB;0;1;1;0;2;0;0;2;1;50;500;100;200;10;15;1;0
0.8x;random;European_18_40;70-b;DCB;22;1;1;0;2;0;0;2;0;50;500;100;200;10;15;0;0
0.8x;random;European_18_40;70-b;DCB;22;1;1;0;2;0;0;2;1;50;500;100;200;10;15;0;0
0.8x;random;European_18_40;70-b;DCB;22;1;1;0;2;0;0;2;0;50;500;100;200;10;15;1;0
0.8x;random;European_18_40;70-b;DCB;22;1;1;0;2;0;0;2;1;50;500;100;200;10;15;1;0
0.8x;random;European_18_40;40-b-b;LLB;0;1;1;0;2;0;0;2;0;50;500;100;200;10;15;0;0
0.8x;random;European_18_40;40-b-b;LLB;0;1;1;0;2;0;0;2;1;50;500;100;200;10;15;0;0
0.8x;random;European_18_40;40-b-b;LLB;0;1;1;0;2;0;0;2;0;50;500;100;200;10;15;1;0
0.8x;random;European_18_40;40-b-b;LLB;0;1;1;0;2;0;0;2;1;50;500;100;200;10;15;1;0
0.8x;random;European_18_40;40-b-b;LLB;22;1;1;0;2;0;0;2;0;50;500;100;200;10;15;0;0
0.8x;random;European_18_40;40-b-b;LLB;22;1;1;0;2;0;0;2;1;50;500;100;200;10;15;0;0
0.8x;random;European_18_40;40-b-b;LLB;22;1;1;0;2;0;0;2;0;50;500;100;200;10;15;1;0
0.8x;random;European_18_40;40-b-b;LLB;22;1;1;0;2;0;0;2;1;50;500;100;200;10;15;1;0
0.8x;random;European_18_40;40-b-b;DCB;0;1;1;0;2;0;0;2;0;50;500;100;200;10;15;0;0
0.8x;random;European_18_40;40-b-b;DCB;0;1;1;0;2;0;0;2;1;50;500;100;200;10;15;0;0
0.8x;random;European_18_40;40-b-b;DCB;0;1;1;0;2;0;0;2;0;50;500;100;200;10;15;1;0
0.8x;random;European_18_40;40-b-b;DCB;0;1;1;0;2;0;0;2;1;50;500;100;200;10;15;1;0
0.8x;random;European_18_40;40-b-b;DCB;22;1;1;0;2;0;0;2;0;50;500;100;200;10;15;0;0
0.8x;random;European_18_40;40-b-b;DCB;22;1;1;0;2;0;0;2;1;50;500;100;200;10;15;0;0
0.8x;random;European_18_40;40-b-b;DCB;22;1;1;0;2;0;0;2;0;50;500;100;200;10;15;1;0
0.8x;random;European_18_40;40-b-b;DCB;22;1;1;0;2;0;0;2;1;50;500;100;200;10;15;1;0
0.8x;random;European_18_40;80-b;LLB;0;1;1;0;2;0;0;2;0;50;500;100;200;10;15;0;0
0.8x;random;European_18_40;80-b;LLB;0;1;1;0;2;0;0;2;1;50;500;100;200;10;15;0;0
0.8x;random;European_18_40;80-b;LLB;0;1;1;0;2;0;0;2;0;50;500;100;200;10;15;1;0
0.8x;random;European_18_40;80-b;LLB;0;1;1;0;2;0;0;2;1;50;500;100;200;10;15;1;0
0.8x;random;European_18_40;80-b;LLB;22;1;1;0;2;0;0;2;0;50;500;100;200;10;15;0;0
0.8x;random;European_18_40;80-b;LLB;22;1;1;0;2;0;0;2;1;50;500;100;200;10;15;0;0
0.8x;random;European_18_40;80-b;LLB;22;1;1;0;2;0;0;2;0;50;500;100;200;10;15;1;0
0.8x;random;European_18_40;80-b;LLB;22;1;1;0;2;0;0;2;1;50;500;100;200;10;15;1;0
0.8x;random;European_18_40;80-b;DCB;0;1;1;0;2;0;0;2;0;50;500;100;200;10;15;0;0
0.8x;random;European_18_40;80-b;DCB;0;1;1;0;2;0;0;2;1;50;500;100;200;10;15;0;0
0.8x;random;European_18_40;80-b;DCB;0;1;1;0;2;0;0;2;0;50;500;100;200;10;15;1;0
0.8x;random;European_18_40;80-b;DCB;0;1;1;0;2;0;0;2;1;50;500;100;200;10;15;1;0
0.8x;random;European_18_40;80-b;DCB;22;1;1;0;2;0;0;2;0;50;500;100;200;10;15;0;0
0.8x;random;European_18_40;80-b;DCB;22;1;1;0;2;0;0;2;1;50;500;100;200;10;15;0;0
0.8x;random;European_18_40;80-b;DCB;22;1;1;0;2;0;0;2;0;50;500;100;200;10;15;1;0
0.8x;random;European_18_40;80-b;DCB;22;1;1;0;2;0;0;2;1;50;500;100;200;10;15;1;0