Index;Origin;Destination;length;slices;cost;lineAmps;pnli;pase
1;1;3;280;40;0;4;8.243161118062349e-08;4.902048672593782e-07
2;1;5;250;40;0;4;7.963584869458801e-08;3.411026011317441e-07
3;1;2;460;40;0;6;1.2637277627910365e-07;1.0105003097339268e-06
4;1;4;350;40;0;5;1.0303951397577936e-07;6.127560840742228e-07
5;2;3;280;40;0;4;8.243161118062349e-08;4.902048672593782e-07
6;2;5;230;40;0;3;6.318638813955183e-08;5.052501548669634e-07
7;3;4;320;40;0;4;8.497348167800436e-08;7.888100432013827e-07
