LinkS;TranspS;Instance;Demands;UB;LB;GAP;Time;OF;Formulation;CD;OSNR;GNpy;Bands;Reinforcements;Cuts;Prepro;Genetic;It;Pop;Cross;Mut;cK;eK;GenTime;GenSol;GenSolIt;GenSolTime;LBactive;ComputedLB;CplexStrategy;PreproTime;Variables;Constraints;v0;preproC;Paths;FeasibleC;InfeasibleC;OnlyOsnrC;OnlyReachC;FeasibleL;InfeasibleL;OnlyOsnrL;OnlyReachL;ads;dcb;llb;nlus;slus;suld;trl;tus;tase;programTime
0.5x;random;European_18_40;30;28.000000;28.000000;0.000000;684.807000;1010;3;1;1;0;1;0;0;2;0;50;500;100;100;10;15;0.000000;0;0;0.000000;0;0.000000;0;0.264506;3330;36900;29837;0;0;0;0;0;0;0;0;0;0;28;28;0;15;480;85;49787.000000;405;29450.000000;685.355606
0.5x;random;European_18_40;30;13.000000;13.000000;0.000000;0.255000;1010;3;1;1;0;1;0;0;2;0;50;500;100;100;10;15;0.000000;0;0;0.000000;0;0.000000;0;0.261182;3330;36900;29837;0;0;0;0;0;0;0;0;0;0;13;13;0;15;465;31;20631.000000;135;12366.666667;0.821669
0.5x;random;European_18_40;30;13.000000;13.000000;0.000000;0.217000;1010;3;1;1;0;1;0;0;2;0;50;500;100;100;10;15;0.000000;0;0;0.000000;0;0.000000;0;0.267174;3330;36900;29837;0;0;0;0;0;0;0;0;0;0;13;13;0;15;465;31;20631.000000;135;12366.666667;0.793814
1.5x;random;Nsfnet_14_21;30;30.000000;30.000000;0.000000;0.699000;1010;3;1;1;0;1;0;0;2;0;50;500;100;100;10;15;0.000000;0;0;0.000000;0;-nan;0;0.922415;2190;20130;46045;0;0;0;0;0;0;0;0;0;0;30;30;0;45;750;67;71500.000000;266;34133.333333;1.855600
0.5x;random;Nsfnet_14_21;30;27.000000;27.000000;0.000000;0.939000;1010;0;1;1;0;1;0;0;2;0;50;500;100;100;10;15;0.000000;0;0;0.000000;0;0.000000;0;0.237518;3155;6225;15745;0;0;0;0;0;0;0;0;0;0;27;27;0;15;282;64;70100.000000;233;33050.000000;1.297795
0.5x;random;Nsfnet_14_21;30;27.000000;27.000000;0.000000;559.624000;1010;3;1;1;0;1;0;0;2;0;50;500;100;100;10;15;0.000000;0;0;0.000000;0;0.000000;0;0.118092;2190;20130;15745;0;0;0;0;0;0;0;0;0;0;27;27;0;15;286;68;72300.000000;245;34116.666667;559.940287