LinkS;TranspS;Instance;Demands;OF;Formulation;CD;OSNR;GNpy;Bands;Reinforcements;Cuts;Prepro;Variables;Constraints;v0;preproC;Paths;FeasibleC;InfeasibleC;OnlyOsnrC;OnlyReachC;FeasibleL;InfeasibleL;OnlyOsnrL;OnlyReachL;ads;dcb;llb;nlus;slus;suld;trl;tus;tase
1.5x;random;German_17_26;20;258.000000;258.000000;0.000000;0.084000;3;20;1;1;0;1;0;0;2;1640;760;575;0;0;0;0;0;0;22070;13361;2;0;20;20;0;30;477;58;10479.000000;258;9983.333333
1.5x;random;German_17_26;20;258.000000;258.000000;0.000000;3.591000;3;21;1;1;0;1;0;0;2;1640;148960;575;0;0;0;0;0;0;22025;13361;2;0;20;20;0;30;499;58;10945.000000;258;10333.333333
1.5x;random;German_17_26;20;258.000000;258.000000;0.000000;0.328000;3;22;1;1;0;1;0;0;2;1830;11400;575;0;0;0;0;0;0;22089;13361;2;0;20;20;0;30;512;58;10692.000000;258;10083.333333
1.5x;random;German_17_26;20;258.000000;258.000000;0.000000;2.012000;3;23;1;1;0;1;0;0;2;17240;48340;575;0;0;0;0;0;0;22034;13361;2;0;20;20;0;30;564;58;10692.000000;258;10083.333333