LinkS;TranspS;Instance;Demands;OF;Formulation;CD;OSNR;GNpy;Bands;Reinforcements;Cuts;Prepro;Variables;Constraints;v0;preproC;Paths;FeasibleC;InfeasibleC;OnlyOsnrC;OnlyReachC;FeasibleL;InfeasibleL;OnlyOsnrL;OnlyReachL;ads;dcb;llb;nlus;slus;suld;trl;tus;tase
1.5x;random;German_17_26;20;231.000000;231.000000;0.000000;3.403000;3;0;0;0;1;1;0;0;2;24904;10140;6296;0;0;0;0;0;0;21992;14129;2;0;20;20;0;30;492;55;9933.000000;231;2533.333333
1.5x;random;German_17_26;20;231.000000;231.000000;0.000000;4.332000;3;23;0;0;1;1;0;0;2;17240;48300;173;0;0;0;0;0;0;22022;14129;2;0;20;20;0;30;508;55;9760.000000;231;2533.333333
1.5x;random;German_17_26;20;231.000000;231.000000;0.000000;3.652000;3;22;0;0;1;1;0;0;2;1830;11360;173;0;0;0;0;0;0;21990;14129;2;0;20;20;0;28;392;55;9730.000000;231;2533.333333
1.5x;random;German_17_26;20;231.000000;231.000000;0.000000;25.003000;3;21;0;0;1;1;0;0;2;1640;148920;173;0;0;0;0;0;0;21973;14129;2;0;20;20;0;30;448;55;9825.000000;231;2533.333333
1.5x;random;German_17_26;20;231.000000;231.000000;0.000000;4.434000;3;23;0;0;1;1;0;0;2;17240;48300;173;0;0;0;0;0;0;21878;14129;2;0;20;20;0;30;508;55;9760.000000;231;2533.333333
1.5x;random;German_17_26;20;231.000000;231.000000;0.000000;4.648000;3;23;0;0;1;1;0;0;2;17240;48300;173;0;0;0;0;0;0;21978;14129;2;0;20;20;0;30;508;55;9760.000000;231;2533.333333