LinkS;TranspS;Instance;Demands;OF;Formulation;CD;OSNR;GNpy;Bands;Reinforcements;Cuts;Prepro;Variables;Constraints;v0;preproC;Paths;FeasibleC;InfeasibleC;OnlyOsnrC;OnlyReachC;FeasibleL;InfeasibleL;OnlyOsnrL;OnlyReachL;ads;dcb;llb;nlus;slus;suld;trl;tus;tase
1.5x;random;6nodes9links_6_9;15;105.000000;105.000000;0.000000;0.381000;3;0;1;1;0;1;0;0;0;3432;1653;2508;0;109;78;31;0;13;0;0;0;0;15;15;0;22;190;22;7810.000000;105;6716.666667
1.5x;random;6nodes9links_6_9;15;105.000000;105.000000;0.000000;0.680000;3;0;1;1;0;1;0;0;0;3432;1653;2508;0;109;78;31;0;13;0;0;0;0;15;15;0;22;190;22;7810.000000;105;6716.666667
1.5x;random;6nodes9links_6_9;15;105.000000;105.000000;0.000000;0.383000;3;0;1;1;0;1;0;0;0;3432;1653;2508;0;109;78;31;0;13;0;0;0;0;15;15;0;22;190;22;7810.000000;105;6716.666667
1.5x;random;6nodes9links_6_9;15;105.000000;105.000000;0.000000;0.389000;3;0;1;1;0;1;0;0;0;3432;1653;2508;0;109;78;31;0;13;0;0;0;0;15;15;0;22;190;22;7810.000000;105;6716.666667
1.5x;random;6nodes9links_6_9;15;105.000000;105.000000;0.000000;0.361000;3;0;1;1;0;1;0;0;0;3432;1653;2508;0;109;78;31;0;13;0;0;0;0;15;15;0;22;190;22;7810.000000;105;6716.666667
1.5x;random;6nodes9links_6_9;15;105.000000;105.000000;0.000000;0.375000;3;0;1;1;0;1;0;0;0;3432;1653;2508;0;109;78;31;0;13;0;0;0;0;15;15;0;22;190;22;7810.000000;105;6716.666667