LinkS;TranspS;Instance;Demands;OF;Formulation;CD;OSNR;GNpy;Bands;Reinforcements;Cuts;Prepro;Variables;Constraints;v0;preproC;Paths;FeasibleC;InfeasibleC;OnlyOsnrC;OnlyReachC;FeasibleL;InfeasibleL;OnlyOsnrL;OnlyReachL;ads;dcb;llb;nlus;slus;suld;trl;tus;tase
1.5x;random;German_17_26;20;262.000000;262.000000;0.000000;6.071000;3;23;0;0;1;1;0;0;2;17240;48300;191;0;0;0;0;0;0;21961;13361;2;0;20;20;0;30;520;59;11224.000000;262;2783.333333
1.5x;random;German_17_26;20;262.000000;262.000000;0.000000;2.644000;3;22;0;0;1;1;0;0;2;1830;11360;191;0;0;0;0;0;0;22085;13361;2;0;20;20;0;30;510;59;10909.000000;262;2783.333333
1.5x;random;German_17_26;20;262.000000;262.000000;0.000000;23.390000;3;21;0;0;1;1;0;0;2;1640;148920;191;0;0;0;0;0;0;22041;13361;2;0;20;20;0;30;445;59;10648.000000;262;2783.333333