Index;Origin;Destination;length;slices;cost;lineAmps;noiseC;noiseL;noiseS;dispC;dispL;dispS
1;1;2;250;24;24;4;9.340364193503112e-07;1.1180875502475842e-06;1.7325671675563966e-06;20;22;22
2;2;3;250;24;24;4;9.340364193503112e-07;1.1180875502475842e-06;1.7325671675563966e-06;20;22;22
