index;origin;destination;slots;max_length;osnr_limit;pch
1;1;2;5;1500;21;0.000625
2;1;3;5;1500;21;0.000625
3;1;4;5;1500;21;0.000625
4;1;5;5;1500;21;0.000625
5;1;6;5;1500;21;0.000625
6;2;3;5;1500;21;0.000625
7;2;4;5;1500;21;0.000625
8;2;5;5;1500;21;0.000625
9;2;6;5;1500;21;0.000625
10;3;4;5;1500;21;0.000625
11;3;5;5;1500;21;0.000625
12;3;6;5;1500;21;0.000625
13;4;5;5;1500;21;0.000625
14;4;6;5;1500;21;0.000625
15;5;6;5;1500;21;0.000625
