Index;Origin;Destination;length;slices;cost;amps
1;1;2;447;120;1.000000;5
2;1;3;304;120;1.000000;3
3;2;4;568;120;1.000000;7
4;2;3;434;120;1.000000;5
5;3;5;443;120;1.000000;5
6;4;5;273;120;1.000000;3
7;4;6;462;120;1.000000;5
8;5;7;230;120;1.000000;2
9;6;8;233;120;1.000000;2
10;6;7;348;120;1.000000;4
11;7;9;467;120;1.000000;5
12;7;8;302;120;1.000000;3
13;8;9;93;120;1.000000;1