Index;Origin;Destination;length;slices;cost;amps;pnli;pase
1;1;2;447;120;1.000000;5;0;0
2;1;3;304;120;1.000000;3;0;0
3;2;4;568;120;1.000000;7;0;0
4;2;3;434;120;1.000000;5;0;0
5;3;5;443;120;1.000000;5;0;0
6;4;5;273;120;1.000000;3;0;0
7;4;6;462;120;1.000000;5;0;0
8;5;7;230;120;1.000000;2;0;0
9;6;8;233;120;1.000000;2;0;0
10;6;7;348;120;1.000000;4;0;0
11;7;9;467;120;1.000000;5;0;0
12;7;8;302;120;1.000000;3;0;0
13;8;9;93;120;1.000000;1;0;0