index;origin;destination;slots;max_length;osnr_limit;pchC;pchL;pchS
1;1;4;6;2000;21;0.00075;0.00075;0.00075
2;1;4;6;2000;21;0.00075;0.00075;0.00075
3;1;4;6;2000;21;0.00075;0.00075;0.00075
4;1;4;6;2000;21;0.00075;0.00075;0.00075
5;1;4;6;2000;21;0.00075;0.00075;0.00075
6;1;4;6;2000;21;0.00075;0.00075;0.00075