Index;Origin;Destination;length;slices;cost;lineAmps;pnliC;paseC;pnliL;paseL;pnliS;paseS
1;1;2;300;8;8;7;1.654967181339186e-07;1.0744871293468029e-06;1.0872083902231464e-07;1.6790605469867542e-06;2.682042811403985e-07;2.514995287554027e-06
3;2;3;300;8;8;8;1.8872059381074324e-07;1.186933619098788e-06;1.2403966968792803e-07;1.8491491736361279e-06;3.059944233387959e-07;2.769764000485429e-06