index;origin;destination;slots;max_length;osnr_limit;pch
1;1;2;3;500;22;0.000375
2;1;3;3;500;22;0.000375
3;1;4;3;500;22;0.000375
4;1;5;3;500;22;0.000375
5;2;3;3;500;22;0.000375
6;2;4;4;1000;16;0.0005
7;2;5;3;500;22;0.000375
8;3;4;3;500;22;0.000375
9;3;5;4;1000;16;0.0005
10;4;5;4;1000;16;0.0005
