LinkS;TranspS;Instance;Demands;UB;LB;GAP;Time;OF;Formulation;CD;OSNR;GNpy;Bands;Reinforcements;Cuts;Prepro;PreproTime;Variables;Constraints;v0;preproC;Paths;FeasibleC;InfeasibleC;OnlyOsnrC;OnlyReachC;FeasibleL;InfeasibleL;OnlyOsnrL;OnlyReachL;ads;dcb;llb;nlus;slus;suld;trl;tus;tase
1x;efficient;European_18_40;40;576.000000;576.000000;0.000000;310.959000;3;0;1;0;1;1;0;0;2;2.342612;100109;28000;27891;0;0;0;0;0;0;21914;54;1;0;40;40;0;40;1150;97;60178.000000;576;4566.666667
1x;efficient;European_18_40;40;576.000000;576.000000;0.000000;420.744000;3;0;1;0;1;1;0;0;2;2.298245;100109;28000;27891;0;0;0;0;0;0;22087;54;1;0;40;40;0;40;1199;97;59144.000000;576;4566.666667
1x;efficient;European_18_40;40;576.000000;576.000000;0.000000;7.022000;3;0;1;1;0;1;0;0;2;3.463571;21443;28040;106557;0;0;0;0;0;0;21986;54;1;0;40;40;0;40;1068;97;56735.000000;576;38300.000000
1x;efficient;European_18_40;40;576.000000;576.000000;0.000000;391.753000;3;0;1;0;1;1;0;0;2;1.450059;100109;28000;27891;0;0;0;0;0;0;22006;54;1;0;40;40;0;40;1199;97;59144.000000;576;4566.666667