Index;Origin;Destination;length;slices;cost;lineAmps;pnliC;paseC;pnliL;paseL;pnliS;paseS
1;1;2;300;8;8;7;1.654967181339186e-07;1.0744871293468029e-06;1.0872083902231464e-07;1.6790605469867542e-06;2.682042811403985e-07;2.514995287554027e-06
2;1;3;300;8;8;17;4.027621430093848e-07;2.6974653003821045e-06;2.6446256168093127e-07;4.227776672509184e-06;6.524047448679487e-07;6.332611666251798e-06
3;1;4;300;8;8;8;1.8872059381074324e-07;1.186933619098788e-06;1.2403966968792803e-07;1.8491491736361279e-06;3.059944233387959e-07;2.769764000485429e-06
4;2;4;300;8;8;4;9.150331607680012e-08;4.0431532472884844e-07;6.053396050735146e-08;6.0908260138959e-07;1.4933169674236227e-07;9.123196152604562e-07
5;3;4;300;8;8;4;9.073285349833966e-08;3.714360658860946e-07;6.012377898518714e-08;5.555201088161133e-07;1.483198167635242e-07;8.320905748880343e-07