index;origin;destination;slots;max_length;osnr_limit;pch
1;1;2;3;500;22;0.000375
2;1;3;3;500;22;0.000375
3;1;4;4;1000;16;0.0005
4;1;5;4;1000;16;0.0005
5;1;6;6;2500;16;0.00075
6;2;3;3;500;22;0.000375
7;2;4;3;500;22;0.000375
8;2;5;4;1000;16;0.0005
9;2;6;4;1000;16;0.0005
10;3;4;3;500;22;0.000375
11;3;5;3;500;22;0.000375
12;3;6;4;1000;16;0.0005
13;4;5;3;500;22;0.000375
14;4;6;3;500;22;0.000375
15;5;6;3;500;22;0.000375
