LinkS;TranspS;Instance;Demands;UB;LB;GAP;Time;OF;Formulation;Reach;OSNR;Cuts;Variables;Constraints;Paths;Feasible;Infeasible;OnlyOsnr;OnlyReach
1x;random;German_17_26;50;594.000000;594.000000;0.000000;113.688000;3;23;1;1;0;6402;97700;5396;3062;2334;1200;538
1x;random;German_17_26;50;594.000000;594.000000;0.000000;98.801000;3;23;1;1;0;6402;97700;5396;3062;2334;1200;538
1x;random;German_17_26;50;594.000000;594.000000;0.000000;114.302000;3;23;1;1;0;6402;97700;5396;3062;2334;1200;538
1x;random;German_17_26;50;594.000000;594.000000;0.000000;81.400000;3;23;1;1;0;6402;97700;5396;3062;2334;1200;538
2x;random;German_17_26;30;381.000000;381.000000;0.000000;140.070000;3;24;1;1;0;3852;25380;3003;1349;1654;810;339
2x;random;German_17_26;30;
2x;random;German_17_26;30;381.000000;381.000000;0.000000;125.087000;3;24;1;1;0;3852;25380;3003;1349;1654;810;339
2x;random;German_17_26;30;381.000000;381.000000;0.000000;93.429000;3;24;1;1;0;3852;25380;3003;1349;1654;810;339
2x;random;German_17_26;30;381.000000;381.000000;0.000000;101.194000;3;24;1;1;0;3852;25380;3003;1349;1654;810;339