Instance;Demands;UB;LB;GAP;Time;OF;Formulation;CD;OSNR;GNpy;Bands;Reinforcements;Cuts;Prepro;Genetic;It;Pop;Cross;Mut;cK;eK;GenTime;GenSol;GenSolIt;GenSolTime;LBactive;ComputedLB;CplexStrategy;PreproTime;Variables;Constraints;v0;preproC;Paths;FeasibleC;InfeasibleC;OnlyOsnrC;OnlyReachC;FeasibleL;InfeasibleL;OnlyOsnrL;OnlyReachL;ads;dcb;llb;nlus;slus;suld;trl;tus;tase
6nodes9links_6_9;15;100.000000;100.000000;0.000000;0.087000;3;22;1;1;0;1;0;0;2;1;10;100;100;100;7;7;0.075278;100;2;0.010369;1;100.000000;1;0.061836;825;4361;271;0;0;0;0;0;0;0;0;0;0;15;15;0;23;127;22;7870.000000;100;15436.666667
6nodes9links_6_9;15;100.000000;100.000000;0.000000;0.098000;3;22;1;1;0;1;0;0;2;1;10;100;100;100;7;7;0.081005;100;1;0.007798;1;100.000000;2;0.067256;825;4361;271;0;0;0;0;0;0;0;0;0;0;15;15;0;30;117;22;7810.000000;100;15436.666667
6nodes9links_6_9;15;100.000000;100.000000;0.000000;0.101000;3;22;1;1;0;1;0;0;2;1;10;100;100;100;7;7;0.072834;100;2;0.009842;1;100.000000;2;0.066106;825;4361;271;0;0;0;0;0;0;0;0;0;0;15;15;0;23;127;22;7870.000000;100;15436.666667
6nodes9links_6_9;15;100.000000;100.000000;0.000000;0.088000;3;22;1;1;0;1;0;0;2;1;10;100;100;100;7;7;0.081344;100;3;0.016702;1;100.000000;2;0.054162;825;4361;271;0;0;0;0;0;0;0;0;0;0;15;15;0;22;116;22;7810.000000;100;15436.666667
6nodes9links_6_9;15;100.000000;100.000000;0.000000;0.085000;3;22;1;1;0;1;0;0;2;1;10;100;100;100;7;7;0.087269;100;2;0.012012;1;100.000000;2;0.055793;825;4361;271;0;0;0;0;0;0;0;0;0;0;15;15;0;22;116;22;7810.000000;100;15436.666667
6nodes9links_6_9;15;100.000000;100.000000;0.000000;0.068000;3;22;1;1;0;1;0;0;2;1;10;100;100;100;7;7;0.075845;100;3;0.015669;1;100.000000;1;0.063836;825;4361;271;0;0;0;0;0;0;0;0;0;0;15;15;0;30;117;22;7810.000000;100;15436.666667