LinkS;Instance;Demands;UB;LB;GAP;Time;OF;Formulation;Reach;OSNR;Cuts;Variables;Constraints;v0;preproC;Paths;FeasibleC;InfeasibleC;OnlyOsnrC;OnlyReachC;FeasibleL;InfeasibleL;OnlyOsnrL;OnlyReachL;ads;dcb;llb;nlus;slus;suld;trl;tus;tase

6nodes9links_6_9;15;732.000000;732.000000;0.000000;103.097000;3;0;1;1;0;1;0;0;0;0.025130;217455;78600;42545;0;0;0;0;0;0;21920;56;1;0;50;50;0;84;1242;122;21828.000000;732;26866.666667
6nodes9links_6_9;15;732.000000;732.000000;0.000000;113.187000;3;0;1;1;0;1;0;0;0;0.020366;217455;78600;42545;0;0;0;0;0;0;21861;56;1;0;50;50;0;84;1242;122;21828.000000;732;26866.666667
6nodes9links_6_9;15;732.000000;732.000000;0.000000;93.697000;3;0;1;1;0;1;0;0;0;0.020359;217455;78600;42545;0;0;0;0;0;0;22051;56;1;0;50;50;0;84;1242;122;21828.000000;732;26866.666667
6nodes9links_6_9;15;1386.000000;1386.000000;0.000000;280.184000;3;0;1;1;0;1;0;0;0;0.055294;422625;148720;76575;0;0;0;0;0;0;22070;12593;2;0;80;80;0;108;1956;231;43133.000000;1386;51116.666667
6nodes9links_6_9;15;1386.000000;1386.000000;0.000000;305.278000;3;0;1;1;0;1;0;0;0;0.060308;422625;148720;76575;0;0;0;0;0;0;22047;12593;2;0;80;80;0;96;1902;231;42779.000000;1386;50816.666667