LinkS;TranspS;Instance;Demands;UB;LB;GAP;Time;OF;Formulation;Reach;OSNR;Cuts;Variables;Constraints;Paths;Feasible;Infeasible;OnlyOsnr;OnlyReach
1x;random;German_17_26;50;594.000000;594.000000;0.000000;113.688000;3;23;1;1;0;6402;97700;5396;3062;2334;1200;538
1x;random;German_17_26;50;594.000000;594.000000;0.000000;98.801000;3;23;1;1;0;6402;97700;5396;3062;2334;1200;538
1x;random;German_17_26;50;594.000000;594.000000;0.000000;114.302000;3;23;1;1;0;6402;97700;5396;3062;2334;1200;538
1x;random;German_17_26;50;594.000000;594.000000;0.000000;81.400000;3;23;1;1;0;6402;97700;5396;3062;2334;1200;538