LinkS;Instance;Demands;UB;LB;GAP;Time;OF;Formulation;Reach;OSNR;Cuts;Variables;Constraints;Paths;FeasibleC;InfeasibleC;OnlyOsnrC;OnlyReachC;FeasibleL;InfeasibleL;OnlyOsnrL;OnlyReachL;ads;dcb;llb;nlus;slus;suld;trl;tus;tua
Kingkong;European_18_40;48;0.000000;0.000000;0.000000;10.957000;20;23;1;1;0;16144;265584;1085786;249;1085270;9572;154;92;1085694;505762;154;48;48;0;96;2655;113;56124;678;758
Kingkong;European_18_40;48;0.000000;0.000000;0.000000;15.360000;20;23;1;1;0;16144;265584;1085786;249;1085270;9572;154;92;1085694;505762;154;48;48;0;96;2655;113;56124;678;758