LinkS;TranspS;Instance;Demands;UB;LB;GAP;Time;OF;Formulation;Reach;OSNR;Cuts;Variables;Constraints;Paths;Feasible;Infeasible;OnlyOsnr;OnlyReach
2x;random;German_17_26;30;353.000000;353.000000;0.000000;1.351000;3;23;1;1;1;3852;40170;2933;1568;1365;832;292
2x;random;German_17_26;30;381.000000;381.000000;0.000000;2.038000;3;23;1;1;1;3852;40170;3003;1349;1654;810;339
2x;random;German_17_26;30;381.000000;381.000000;0.000000;2.006000;3;23;1;1;1;3852;40170;3003;1349;1654;810;339
2x;random;German_17_26;30;381.000000;381.000000;0.000000;1.974000;3;23;1;1;1;3852;40170;3003;1349;1654;810;339
2x;random;German_17_26;30;381.000000;381.000000;0.000000;1.983000;3;23;1;1;1;3852;40170;3003;1349;1654;810;339
2x;random;German_17_26;30;381.000000;381.000000;0.000000;2.037000;3;23;1;1;1;3852;40170;3003;1349;1654;810;339