LinkS;Instance;Demands;UB;LB;GAP;Time;OF;Formulation;Reach;OSNR;Cuts;Variables;Constraints;v0;preproC;Paths;FeasibleC;InfeasibleC;OnlyOsnrC;OnlyReachC;FeasibleL;InfeasibleL;OnlyOsnrL;OnlyReachL;ads;dcb;llb;nlus;slus;suld;trl;tus;tua
DONNY;6nodes9links_6_9;50;414.000000;414.000000;0.000000;4.036000;3;23;1;1;0;7125;134375;1179;49;348;167;181;0;78;110;238;0;95;50;26;9;100;881;69;29550.000000;414;421
DONNY;6nodes9links_6_9;50;414.000000;414.000000;0.000000;0.404000;3;0;1;1;0;17550;21400;72450;0;348;167;181;0;78;110;238;0;95;50;25;9;100;846;69;29250.000000;414;418
DONNY;6nodes9links_6_9;50;414.000000;414.000000;0.000000;3.665000;3;0;1;1;0;56070;21400;33930;0;348;167;181;0;78;110;238;0;95;50;23;9;100;881;69;29700.000000;414;423
DONNY;6nodes9links_6_9;50;414.000000;414.000000;0.000000;8.465000;3;23;1;1;0;7125;134375;777;0;348;167;181;0;78;110;238;0;95;50;31;9;100;885;69;29700.000000;414;423
30x;efficient;Nsfnet_14_21;40;-1.000000;-1.000000;0.000000;1.734000;3;23;1;1;0;4860;64500;448;0;3283;83;3200;116;3;30;3253;1862;5;0;0;0;-1420486720;21992;3;0.000000;0;0
30x;efficient;Nsfnet_14_21;40;-1.000000;-1.000000;0.000000;0.724000;3;23;1;1;0;4860;64500;1682;137;3283;83;3200;116;3;30;3253;1862;5;0;0;0;1150826432;21891;3;0.000000;0;0
50x;efficient;Nsfnet_14_21;40;417.000000;417.000000;0.000000;1.355000;3;23;1;1;0;6460;95700;1682;137;3283;83;3200;116;3;30;3253;1862;5;40;34;9;100;1031;86;90300.000000;417;1153
50x;efficient;Nsfnet_14_21;40;417.000000;417.000000;0.000000;0.308000;3;0;1;1;0;14145;50820;153855;0;3283;83;3200;116;3;30;3253;1862;5;40;26;15;100;1449;86;90100.000000;417;1150
50x;efficient;Nsfnet_14_21;80;732.000000;732.000000;0.000000;1.401000;3;0;1;1;0;39171;99540;296829;0;6087;226;5861;211;9;107;5980;1720;35;80;42;19;100;1939;165;184100.000000;732;2344
50x;efficient;Nsfnet_14_21;80;732.000000;732.000000;0.000000;10.952000;3;23;1;1;0;14520;385000;3306;249;6087;226;5861;211;9;107;5980;1720;35;80;45;20;100;2023;165;186300.000000;732;2369