index;origin;destination;slotsC;max_cdC;osnr_limitC;TranpCId;slotsL;max_cdL;osnr_limitL;TranspLId;Gbits/s;pchC;pchL;pchS
1;11;1;6;40000;21;6;0;0;0;0;300;0.00075;0.00075;0.00075
2;6;2;6;40000;21;6;0;0;0;0;300;0.00075;0.00075;0.00075
3;11;8;6;50000;16;5;6;50000;16;5;200;0.00075;0.00075;0.00075
4;4;9;6;20000;24;7;6;20000;24;7;400;0.00075;0.00075;0.00075
5;12;14;3;100000;13;2;3;100000;13;2;100;0.000375;0.000375;0.000375