Index;Origin;Destination;length;slices;cost;lineAmps;pnliC;paseC;pnliL;paseL;pnliS;paseS
1;1;3;280;150;0;4;9.305756105937573e-08;4.902048672593782e-07;6.134968192407698e-08;7.509012151049373e-07;1.513440062328988e-07;1.1247438460731149e-06
2;1;5;250;150;0;4;8.990140731537477e-08;3.411026011317441e-07;5.967716892643728e-08;5.065015228498637e-07;1.472180709452042e-07;7.586676641246783e-07
3;1;2;460;150;0;6;1.4266301697133187e-07;1.0105003097339268e-06;9.35976462447051e-08;1.5922872196762113e-06;2.308967595654967e-07;2.385021112612544e-06
4;1;4;350;150;0;5;1.1632195132421967e-07;6.127560840742228e-07;7.668710240509624e-08;9.386265188811716e-07;1.891800077911235e-07;1.4059298075913935e-06
5;2;3;280;150;0;4;9.305756105937573e-08;4.902048672593782e-07;6.134968192407698e-08;7.509012151049373e-07;1.513440062328988e-07;1.1247438460731149e-06
6;2;5;230;150;0;3;7.133150848566594e-08;5.052501548669634e-07;4.679882312235255e-08;7.961436098381056e-07;1.1544837978274835e-07;1.192510556306272e-06
7;3;4;320;150;0;4;9.592709455055964e-08;7.888100432013827e-07;6.280641198731196e-08;1.2608941832316136e-06;1.5493762492586484e-07;1.8886412015473369e-06
